Atlassian,Sydney,Other,500,0.0500,2023-03-06,Post-IPO,Australia,210.0000
SiriusXM,New York City,Media,475,0.0800,2023-03-06,Post-IPO,United States,525.0000
Alerzo,Ibadan,Retail,400,NULL,2023-03-06,Series B,Nigeria,16.0000
UpGrad,Mumbai,Education,120,NULL,2023-03-06,Unknown,India,631.0000
Loft,Sao Paulo,Real Estate,340,0.1500,2023-03-03,Unknown,Brazil,788.0000
Embark Trucks,SF Bay Area,Transportation,230,0.7000,2023-03-03,Post-IPO,United States,317.0000
Lendi,Sydney,Real Estate,100,NULL,2023-03-03,Unknown,Australia,59.0000
UserTesting,SF Bay Area,Marketing,63,NULL,2023-03-03,Acquired,United States,152.0000
Airbnb,SF Bay Area,Travel,30,NULL,2023-03-03,Post-IPO,United States,6400.0000
Zscaler,SF Bay Area,Security,177,0.0300,2023-03-02,Post-IPO,United States,148.0000
MasterClass,SF Bay Area,Education,79,NULL,2023-03-02,Series E,United States,461.0000
Ambev Tech,Blumenau,Food,50,NULL,2023-03-02,Acquired,Brazil,NULL
Fittr,Pune,Fitness,30,0.1100,2023-03-02,Series A,India,13.0000
CNET,SF Bay Area,Media,12,0.1000,2023-03-02,Acquired,United States,20.0000
Kandela,Los Angeles,Consumer,NULL,1.0000,2023-03-02,Acquired,United States,NULL
Thoughtworks,Chicago,Other,500,0.0400,2023-03-01,Post-IPO,United States,748.0000
iFood,Sao Paulo,Food,355,0.0600,2023-03-01,Subsidiary,Brazil,2100.0000
Color Health,SF Bay Area,Healthcare,300,NULL,2023-03-01,Series E,United States,482.0000
Waymo,SF Bay Area,Transportation,209,0.0800,2023-03-01,Subsidiary,United States,5500.0000
PayFit,Paris,HR,200,0.2000,2023-03-01,Series E,France,495.0000
Yellow.ai,SF Bay Area,Support,200,NULL,2023-03-01,Series C,United States,102.0000
Sonder,SF Bay Area,Travel,100,0.1400,2023-03-01,Post-IPO,United States,839.0000
Protego Trust Bank,Seattle,Crypto,NULL,0.5000,2023-03-01,Series A,United States,70.0000
Electronic Arts,Baton Rouge,Consumer,200,NULL,2023-02-28,Post-IPO,United States,2.0000
Eventbrite,SF Bay Area,Consumer,80,0.0800,2023-02-28,Post-IPO,United States,557.0000
DUX Education,Bengaluru,Education,NULL,1.0000,2023-02-28,Unknown,India,NULL
MeridianLink,Los Angeles,Finance,NULL,0.0900,2023-02-28,Post-IPO,United States,485.0000
Sono Motors,Munich,Transportation,300,NULL,2023-02-27,Post-IPO,Germany,126.0000
Cerebral,SF Bay Area,Healthcare,285,0.1500,2023-02-27,Series C,United States,462.0000
Amount,Chicago,Finance,130,0.2500,2023-02-27,Unknown,United States,283.0000
Palantir,Denver,Data,75,0.0200,2023-02-27,Post-IPO,United States,3000.0000
Outreach,Seattle,Sales,70,0.0700,2023-02-27,Series G,United States,489.0000
Stytch,SF Bay Area,Security,19,0.2500,2023-02-27,Series B,United States,126.0000
BitSight,Tel Aviv,Security,40,NULL,2023-02-26,Unknown,Israel,401.0000
Twitter,SF Bay Area,Consumer,200,0.1000,2023-02-25,Post-IPO,United States,12900.0000
Ericsson,Stockholm,Other,8500,0.0800,2023-02-24,Post-IPO,Sweden,663.0000
SAP Labs,Bengaluru,Other,300,NULL,2023-02-24,Subsidiary,India,1300.0000
Velodyne Lidar,SF Bay Area,Transportation,220,NULL,2023-02-24,Acquired,United States,575.0000
Medallia,SF Bay Area,Support,59,NULL,2023-02-24,Acquired,United States,325.0000
Eat Just,SF Bay Area,Food,40,NULL,2023-02-24,Unknown,United States,465.0000
Lucira Health,SF Bay Area,Healthcare,26,NULL,2023-02-24,Post-IPO,United States,132.0000
Stax,Orlando,Finance,24,NULL,2023-02-24,Series D,United States,263.0000
Poshmark,SF Bay Area,Retail,NULL,0.0200,2023-02-24,Acquired,United States,153.0000
Merative,Ann Arbor,Healthcare,200,0.1000,2023-02-23,Acquired,United States,NULL
OneFootball,Berlin,Marketing,150,0.3200,2023-02-23,Series D,Germany,442.0000
The Iconic,Sydney,Retail,69,0.0600,2023-02-23,Unknown,Australia,NULL
EVgo,Los Angeles,Transportation,40,NULL,2023-02-23,Post-IPO,United States,400.0000
StrongDM,SF Bay Area,Infrastructure,40,NULL,2023-02-23,Series B,United States,76.0000
Dapper Labs,Vancouver,Crypto,NULL,0.2000,2023-02-23,Series D,United States,607.0000
Messari,New York City,Crypto,NULL,0.1500,2023-02-23,Series B,United States,61.0000
Vibrent Health,Washington D.C.,Healthcare,NULL,0.1300,2023-02-23,Unknown,United States,NULL
Synamedia,London,Media,200,0.1200,2023-02-22,Unknown,United Kingdom,NULL
TaskUs,San Antonio,Support,186,NULL,2023-02-22,Post-IPO,United States,279.0000
Immutable,Sydney,Crypto,NULL,0.1100,2023-02-22,Series C,Australia,279.0000
Jounce Therapeutics,Boston,Healthcare,NULL,0.5700,2023-02-22,Acquired,United States,194.0000
Locomation,Pittsburgh,Transportation,NULL,1.0000,2023-02-22,Seed,United States,57.0000
Polygon,Bengaluru,Crypto,100,0.2000,2023-02-21,Unknown,India,451.0000
Crunchyroll,Tokyo,Media,85,NULL,2023-02-21,Unknown,Japan,26.0000
Ethos Life,SF Bay Area,Finance,50,NULL,2023-02-21,Series D,United States,406.0000
Bolt,Lagos,Transportation,17,NULL,2023-02-21,Series F,Nigeria,NULL
MyGate,Bengaluru,Other,200,0.3000,2023-02-20,Series B,India,79.0000
Fireblocks,New York City,Crypto,30,0.0500,2023-02-20,Series E,United States,1000.0000
Kinde,Sydney,Other,8,0.2800,2023-02-20,Seed,Australia,10.0000
Fipola,Chennai,Food,NULL,1.0000,2023-02-20,Series A,United States,9.0000
HP,Tel Aviv,Hardware,100,NULL,2023-02-19,Post-IPO,Israel,4200.0000
Tencent,Shenzen,Consumer,300,NULL,2023-02-17,Post-IPO,China,12600.0000
Evernote,SF Bay Area,Consumer,129,NULL,2023-02-17,Acquired,United States,290.0000
Chipper Cash,SF Bay Area,Finance,100,0.3300,2023-02-17,Series C,United States,302.0000
DocuSign,SF Bay Area,Sales,680,0.1000,2023-02-16,Post-IPO,United States,536.0000
Pico Interactive,SF Bay Area,Other,400,0.2000,2023-02-16,Acquired,United States,62.0000
The RealReal,SF Bay Area,Retail,230,0.0700,2023-02-16,Post-IPO,United States,356.0000
Smartsheet,Seattle,Other,85,0.0300,2023-02-16,Post-IPO,United States,152.0000
Wix,Tel Aviv,Marketing,370,0.0600,2023-02-15,Post-IPO,Israel,58.0000
ServiceTitan,Los Angeles,Sales,221,0.0800,2023-02-15,Series G,United States,1100.0000
Neon,Sao Paulo,Finance,210,0.0900,2023-02-15,Series D,Brazil,720.0000
Jellysmack,Paris,Media,208,NULL,2023-02-15,Series C,France,22.0000
DigitalOcean,New York City,Infrastructure,200,0.1100,2023-02-15,Post-IPO,United States,491.0000
Sprinklr,New York City,Support,100,0.0400,2023-02-15,Post-IPO,United States,429.0000
Betterment,New York City,Finance,28,NULL,2023-02-15,Series F,United States,435.0000
Milkrun,Sydney,Food,NULL,0.2000,2023-02-15,Series A,Australia,86.0000
Momentive,SF Bay Area,Marketing,NULL,0.1400,2023-02-15,Post-IPO,United States,1100.0000
Tackle,Boise,Other,NULL,0.1500,2023-02-15,Series C,United States,148.0000
Vicarious Surgical,Boston,Healthcare,NULL,0.1400,2023-02-15,Post-IPO,United States,185.0000
CommerceHub,Albany,Retail,371,0.3100,2023-02-14,Acquired,United States,NULL
HackerEarth,SF Bay Area,HR,NULL,0.0800,2023-02-14,Series B,United States,11.0000
PhableCare,Bengaluru,Healthcare,NULL,0.7000,2023-02-14,Series B,India,40.0000
Udemy,SF Bay Area,Education,NULL,0.1000,2023-02-14,Post-IPO,United States,311.0000
Twilio,SF Bay Area,Other,1500,0.1700,2023-02-13,Post-IPO,United States,614.0000
Electric,New York City,Other,141,0.2500,2023-02-13,Series D,United States,212.0000
EMX Digital,New York City,Marketing,100,1.0000,2023-02-13,Unknown,United States,NULL
PetLove,Sao Paulo,Retail,94,NULL,2023-02-13,Series C,Brazil,225.0000
iRobot,Boston,Consumer,85,0.0700,2023-02-13,Acquired,United States,30.0000
Collective Health,SF Bay Area,Healthcare,54,NULL,2023-02-13,Series F,United States,719.0000
Magic Eden,SF Bay Area,Crypto,22,NULL,2023-02-13,Series B,United States,170.0000
Casavo,Milan,Real Estate,NULL,0.3000,2023-02-13,Unknown,Italy,708.0000
Moladin,Jakarta,Transportation,360,0.1100,2023-02-12,Series B,Indonesia,138.0000
TripleLift,New York City,Marketing,100,0.2000,2023-02-10,Acquired,United States,16.0000
TikTok India,Mumbai,Consumer,40,NULL,2023-02-10,Acquired,India,9400.0000
Rigetti Computing,SF Bay Area,Hardware,NULL,0.2800,2023-02-10,Post-IPO,United States,298.0000
Yahoo,SF Bay Area,Consumer,1600,0.2000,2023-02-09,Acquired,United States,6.0000
Misfits Market,Philadelphia,Food,649,0.3300,2023-02-09,Series C,United States,526.0000
Deliveroo,London,Food,350,0.0900,2023-02-09,Post-IPO,United Kingdom,1700.0000
Olive AI,Columbus,Healthcare,215,0.3500,2023-02-09,Series H,United States,856.0000
Oportun,SF Bay Area,Finance,155,0.1000,2023-02-09,Post-IPO,United States,566.0000
GitLab,SF Bay Area,Product,130,0.0700,2023-02-09,Post-IPO,United States,413.0000
Bark,New York City,Retail,126,0.1200,2023-02-09,Post-IPO,United States,NULL
Nomad Health,New York City,Healthcare,119,0.1700,2023-02-09,Unknown,United States,218.0000
Veriff,Tallinn,Security,66,0.1200,2023-02-09,Series C,Estonia,192.0000
REE Automotive,Tel Aviv,Transportation,31,0.1100,2023-02-09,Post-IPO,Israel,317.0000
GitHub,SF Bay Area,Product,NULL,0.1000,2023-02-09,Acquired,United States,350.0000
WeTrade,Bengaluru,Crypto,NULL,1.0000,2023-02-09,Unknown,India,NULL
GoDaddy,Phoenix,Marketing,530,0.0800,2023-02-08,Post-IPO,United States,800.0000
Affirm,SF Bay Area,Finance,500,0.1900,2023-02-08,Post-IPO,United States,1500.0000
Gusto,SF Bay Area,HR,126,0.0500,2023-02-08,Series E,United States,746.0000
Gong,SF Bay Area,Sales,80,0.0700,2023-02-08,Series E,United States,583.0000
Beam Benefits,Columbus,Healthcare,31,0.0800,2023-02-08,Series E,United States,168.0000
Equitybee,SF Bay Area,Finance,24,0.2500,2023-02-08,Series B,United States,85.0000
Baraja,Sydney,Transportation,NULL,0.7500,2023-02-08,Unknown,Australia,63.0000
Koho,Toronto,Finance,NULL,0.1400,2023-02-08,Series D,Canada,278.0000
Medly,New York City,Healthcare,NULL,1.0000,2023-02-08,Series C,United States,100.0000
Nearmap,Sydney,Construction,NULL,0.2000,2023-02-08,Acquired,Australia,15.0000
Zoom,SF Bay Area,Other,1300,0.1500,2023-02-07,Post-IPO,United States,276.0000
eBay,SF Bay Area,Retail,500,0.0400,2023-02-07,Post-IPO,United States,1200.0000
SecureWorks,Atlanta,Security,212,0.0900,2023-02-07,Post-IPO,United States,83.0000
Salesloft,Atlanta,Sales,100,0.1000,2023-02-07,Acquired,United States,245.0000
Openpay,Melbourne,Finance,83,1.0000,2023-02-07,Post-IPO,Australia,299.0000
LearnUpon,Dublin,Education,27,0.0900,2023-02-07,Private Equity,Ireland,56.0000
Sana Benefits,Austin,HR,NULL,0.1900,2023-02-07,Series B,United States,106.0000
Dell,Austin,Hardware,6650,0.0500,2023-02-06,Post-IPO,United States,NULL
Loggi,Sao Paulo,Logistics,300,0.0700,2023-02-06,Series F,Brazil,507.0000
Catch.com.au,Melbourne,Retail,100,NULL,2023-02-06,Acquired,Australia,80.0000
VinFast US,Los Angeles,Transportation,80,NULL,2023-02-06,Subsidiary,United States,NULL
Drift,Boston,Marketing,59,NULL,2023-02-06,Acquired,United States,107.0000
Pocket Aces,Mumbai,Media,50,0.2500,2023-02-06,Unknown,India,19.0000
Clari,SF Bay Area,Sales,20,NULL,2023-02-06,Series F,United States,496.0000
Daraz,Singapore,Retail,NULL,0.1100,2023-02-06,Unknown,Singapore,NULL
Kyruus,Boston,Healthcare,70,NULL,2023-02-05,Unknown,United States,183.0000
Lightico,Tel Aviv,Finance,20,0.2500,2023-02-05,Series B,Israel,42.0000
FarEye,New Delhi,Logistics,90,NULL,2023-02-03,Series E,India,150.0000
Protocol Labs,SF Bay Area,Crypto,89,0.2000,2023-02-03,Unknown,United States,10.0000
Finder,Sydney,Retail,NULL,0.1500,2023-02-03,Unknown,Australia,30.0000
Byju's,Bengaluru,Education,1500,NULL,2023-02-02,Private Equity,India,5500.0000
Okta,SF Bay Area,Security,300,0.0500,2023-02-02,Post-IPO,United States,1200.0000
Autodesk,SF Bay Area,Other,250,0.0200,2023-02-02,Post-IPO,United States,NULL
Mindstrong,SF Bay Area,Healthcare,127,NULL,2023-02-02,Series C,United States,160.0000
NCC Group,Manchester,Security,125,0.0700,2023-02-02,Post-IPO,United Kingdom,NULL
Miro,SF Bay Area,Other,119,0.0700,2023-02-02,Series C,United States,476.0000
Getir,New York City,Food,100,NULL,2023-02-02,Series E,United States,1800.0000
Highspot,Seattle,Sales,100,0.1000,2023-02-02,Series F,United States,644.0000
Bittrex,Seattle,Crypto,80,NULL,2023-02-02,Unknown,United States,NULL
Snowplow,London,Data,40,NULL,2023-02-02,Series B,United States,55.0000
Articulate,New York City,Education,38,NULL,2023-02-02,Series A,United States,1500.0000
Getaround,SF Bay Area,Transportation,NULL,0.1000,2023-02-02,Post-IPO,United States,948.0000
NCSoft,Seoul,Consumer,NULL,0.2000,2023-02-02,Post-IPO,South Korea,240.0000
Splunk,SF Bay Area,Data,325,0.0400,2023-02-01,Post-IPO,United States,2400.0000
Pinterest,SF Bay Area,Consumer,150,NULL,2023-02-01,Post-IPO,United States,1500.0000
DraftKings,Boston,Consumer,140,0.0400,2023-02-01,Post-IPO,United States,719.0000
Cyren,Washington D.C.,Security,121,NULL,2023-02-01,Post-IPO,United States,161.0000
Workato,SF Bay Area,Other,90,0.1000,2023-02-01,Series E,United States,415.0000
VerticalScope,Toronto,Media,60,0.2200,2023-02-01,Post-IPO,Canada,NULL
Wheel,Austin,Healthcare,56,0.2800,2023-02-01,Series C,United States,215.0000
Chainalysis,New York City,Crypto,44,0.0500,2023-02-01,Series F,United States,536.0000
Appgate,Miami,Security,34,0.0800,2023-02-01,Post-IPO,United States,NULL
Exterro,Portland,Legal,24,0.0300,2023-02-01,Private Equity,United States,100.0000
TheSkimm,New York City,Media,17,0.1000,2023-02-01,Series C,United States,28.0000
Bustle Digital Group,New York City,Media,NULL,0.0800,2023-02-01,Series E,United States,80.0000
Frequency Therapeutics,Boston,Healthcare,NULL,0.5000,2023-02-01,Post-IPO,United States,76.0000
MariaDB,Helsinki,Data,NULL,0.0800,2023-02-01,Post-IPO,Finland,245.0000
Match Group,New York City,Consumer,NULL,0.0800,2023-02-01,Post-IPO,United States,NULL
Rivian,Detroit,Transportation,NULL,0.0600,2023-02-01,Post-IPO,United States,10700.0000
PayPal,SF Bay Area,Finance,2000,0.0700,2023-01-31,Post-IPO,United States,216.0000
NetApp,SF Bay Area,Data,960,0.0800,2023-01-31,Post-IPO,United States,NULL
Workday,SF Bay Area,HR,525,0.0300,2023-01-31,Post-IPO,United States,230.0000
HubSpot,Boston,Marketing,500,0.0700,2023-01-31,Post-IPO,United States,100.0000
Upstart,SF Bay Area,Finance,365,0.2000,2023-01-31,Post-IPO,United States,144.0000
Software AG,Frankfurt,Data,200,0.0400,2023-01-31,Post-IPO,Germany,344.0000
Wish,SF Bay Area,Retail,150,0.1700,2023-01-31,Post-IPO,United States,1600.0000
Wefox,Berlin,Finance,100,NULL,2023-01-31,Series D,Germany,1300.0000
Tilting Point,New York City,Consumer,60,0.1400,2023-01-31,Unknown,United States,235.0000
Gokada,Lagos,Transportation,54,NULL,2023-01-31,Unknown,Nigeria,12.0000
AU10TIX,Tel Aviv,Security,19,0.0900,2023-01-31,Unknown,Israel,80.0000
National Instruments,Austin,Hardware,NULL,0.0400,2023-01-31,Post-IPO,United States,NULL
OpenText,Waterloo,Data,NULL,0.0800,2023-01-31,Post-IPO,Canada,1100.0000
Philips,Amsterdam,Healthcare,6000,0.1300,2023-01-30,Post-IPO,Netherlands,NULL
OLX Group,Amsterdam,Marketing,1500,0.1500,2023-01-30,Acquired,Netherlands,NULL
Arrival,London,Transportation,800,0.5000,2023-01-30,Post-IPO,United Kingdom,629.0000
Groupon,Chicago,Retail,500,NULL,2023-01-30,Post-IPO,United States,1400.0000
Intel,SF Bay Area,Hardware,343,NULL,2023-01-30,Post-IPO,United States,12.0000
Glovo,Barcelona,Food,250,0.0600,2023-01-30,Acquired,Spain,1200.0000
Delivery Hero,Berlin,Food,156,0.0400,2023-01-30,Post-IPO,Germany,9900.0000
Impossible Foods copy,SF Bay Area,Food,140,0.2000,2023-01-30,Series H,United States,1900.0000
Chrono24,Karlsruhe,Retail,65,0.1300,2023-01-30,Series C,Germany,205.0000
BM Technologies,Philadelphia,Finance,NULL,0.2500,2023-01-30,Post-IPO,United States,NULL
Prime Trust,Las Vegas,Crypto,NULL,0.3300,2023-01-30,Series B,United States,176.0000
Quantum SI,New Haven,Healthcare,NULL,0.1200,2023-01-30,Post-IPO,United States,425.0000
Me Poupe,Sao Paulo,Finance,60,0.5000,2023-01-28,Unknown,Brazil,NULL
CoinTracker,SF Bay Area,Crypto,19,NULL,2023-01-28,Series A,United States,101.0000
SSense,Montreal,Retail,138,0.0700,2023-01-27,Series A,Canada,NULL
DealShare,Bengaluru,Retail,100,0.0600,2023-01-27,Series E,India,390.0000
Ruggable,Los Angeles,Retail,100,NULL,2023-01-27,Seed,United States,NULL
Synopsys,SF Bay Area,Other,100,NULL,2023-01-27,Post-IPO,United States,NULL
Heycar,Berlin,Transportation,73,NULL,2023-01-27,Unknown,Germany,NULL
Matrixport,Singapore,Crypto,29,0.1000,2023-01-27,Series C,Singapore,100.0000
Shakepay,Montreal,Crypto,21,0.2500,2023-01-27,Series A,Canada,45.0000
#Paid,Toronto,Marketing,19,0.1700,2023-01-27,Series B,Canada,21.0000
SAP,Walldorf,Other,3000,0.0300,2023-01-26,Post-IPO,Germany,1300.0000
Confluent,SF Bay Area,Data,221,0.0800,2023-01-26,Post-IPO,United States,455.0000
DriveWealth,Jersey City,Finance,NULL,0.2000,2023-01-26,Series D,United States,550.0000
Mode Global,London,Finance,NULL,1.0000,2023-01-26,Post-IPO,United Kingdom,NULL
Plus One Robotics,San Antonio,Other,NULL,0.1000,2023-01-26,Series B,United States,43.0000
IBM,New York City,Hardware,3900,0.0200,2023-01-25,Post-IPO,United States,NULL
Lam Research,SF Bay Area,Hardware,1300,0.0700,2023-01-25,Post-IPO,United States,NULL
Shutterfly,SF Bay Area,Retail,360,NULL,2023-01-25,Acquired,United States,50.0000
Luno,London,Crypto,330,0.3500,2023-01-25,Acquired,United Kingdom,13.0000
Clear Capital,Reno,Real Estate,250,0.2500,2023-01-25,Unknown,United States,NULL
Guardant Health,SF Bay Area,Healthcare,130,0.0700,2023-01-25,Post-IPO,United States,550.0000
SirionLabs,Seattle,Legal,130,0.1500,2023-01-25,Series D,United States,171.0000
Tier Mobility,Berlin,Transportation,80,0.0700,2023-01-25,Series D,Germany,646.0000
PagSeguro,Sao Paulo,Finance,NULL,0.0700,2023-01-25,Post-IPO,Brazil,NULL
Prosus,Amsterdam,Other,NULL,0.3000,2023-01-25,Unknown,Netherlands,NULL
Vacasa,Portland,Travel,1300,0.1700,2023-01-24,Post-IPO,United States,834.0000
Innovaccer,SF Bay Area,Healthcare,245,0.1500,2023-01-24,Series E,United States,379.0000
Bolt,SF Bay Area,Finance,50,0.1000,2023-01-24,Series E,United States,1300.0000
PartnerStack,Toronto,Sales,40,0.2000,2023-01-24,Series B,Canada,36.0000
Gitpod,Kiel,Product,21,0.2800,2023-01-24,Series A,Germany,41.0000
OFFOR Health,Columbus,Healthcare,16,NULL,2023-01-24,Series A,United States,14.0000
Venngage,Toronto,Marketing,11,0.2000,2023-01-24,Unknown,Canada,NULL
CoachHub,Berlin,HR,NULL,0.1000,2023-01-24,Series C,Germany,332.0000
Corvus Insurance,Boston,Finance,NULL,0.1400,2023-01-24,Series C,United States,160.0000
PagerDuty,SF Bay Area,Product,NULL,0.0700,2023-01-24,Post-IPO,United States,173.0000
Scoro,London,HR,NULL,0.0900,2023-01-24,Series B,United Kingdom,23.0000
Spotify,Stockholm,Media,600,0.0600,2023-01-23,Post-IPO,Sweden,2100.0000
Uber Freight,SF Bay Area,Logistics,150,0.0300,2023-01-23,Subsidiary,United States,2700.0000
Inmobi,Bengaluru,Marketing,50,NULL,2023-01-23,Unknown,India,320.0000
Innovid,New York City,Marketing,40,0.1000,2023-01-23,Post-IPO,United States,295.0000
Booktopia,Sydney,Retail,30,NULL,2023-01-23,Series A,Australia,23.0000
Ermetic,SF Bay Area,Security,30,0.1700,2023-01-23,Series B,United States,97.0000
Namogoo,Tel Aviv,Marketing,20,0.1500,2023-01-23,Series C,United States,69.0000
Camp K12,Gurugram,Education,NULL,0.7000,2023-01-23,Series A,India,16.0000
Gemini,New York City,Crypto,NULL,0.1000,2023-01-23,Unknown,United States,423.0000
Yext,New York City,Marketing,NULL,0.0800,2023-01-23,Post-IPO,United States,117.0000
Google,SF Bay Area,Consumer,12000,0.0600,2023-01-20,Post-IPO,United States,26.0000
Wayfair,Boston,Retail,1750,0.1000,2023-01-20,Post-IPO,United States,1700.0000
Swiggy,Bengaluru,Food,380,0.0600,2023-01-20,Unknown,India,3600.0000
MediBuddy,Bengaluru,Healthcare,200,NULL,2023-01-20,Acquired,India,192.0000
Vox Media,Washington D.C.,Media,130,0.0700,2023-01-20,Series F,United States,307.0000
BitTorrent,SF Bay Area,Infrastructure,92,NULL,2023-01-20,Acquired,United States,NULL
Karat,Seattle,HR,47,NULL,2023-01-20,Unknown,United States,169.0000
Enjoei,Sao Paulo,Retail,31,0.1000,2023-01-20,Unknown,Brazil,14.0000
Edifecs,Seattle,Healthcare,30,NULL,2023-01-20,Unknown,United States,1.0000
Citrine Informatics,SF Bay Area,Data,22,0.2700,2023-01-20,Series C,United States,64.0000
Cyteir Therapeutics,Boston,Healthcare,NULL,0.7000,2023-01-20,Series C,United States,156.0000
Capital One,Washington D.C.,Finance,1100,NULL,2023-01-19,Post-IPO,United States,NULL
Proterra,SF Bay Area,Transportation,300,NULL,2023-01-19,Post-IPO,United States,1200.0000
WeWork,New York City,Real Estate,300,NULL,2023-01-19,Post-IPO,United States,22200.0000
Hubilo,SF Bay Area,Other,115,0.3500,2023-01-19,Series B,United States,153.0000
Saks.com,New York City,Retail,100,0.0500,2023-01-19,Unknown,United States,965.0000
CS Disco,Austin,Legal,62,0.0900,2023-01-19,Post-IPO,United States,233.0000
Riot Games,Los Angeles,Consumer,46,NULL,2023-01-19,Acquired,United States,21.0000
Hydrow,Boston,Fitness,30,NULL,2023-01-19,Series D,United States,269.0000
Earth Rides,Nashville,Transportation,NULL,1.0000,2023-01-19,Unknown,United States,2.0000
Magnite,Los Angeles,Marketing,NULL,0.0600,2023-01-19,Post-IPO,United States,400.0000
Mudafy,Mexico City,Real Estate,NULL,0.7000,2023-01-19,Series A,United States,13.0000
Personalis,SF Bay Area,Healthcare,NULL,0.3000,2023-01-19,Post-IPO,United States,225.0000
Prisma,SF Bay Area,Data,NULL,0.2800,2023-01-19,Series B,United States,56.0000
Wallbox,Barcelona,Energy,NULL,0.1500,2023-01-19,Post-IPO,Spain,167.0000
Microsoft,Seattle,Other,10000,0.0500,2023-01-18,Post-IPO,United States,1.0000
Sophos,Oxford,Security,450,0.1000,2023-01-18,Acquired,United States,125.0000
Teladoc Health,New York City,Healthcare,300,0.0600,2023-01-18,Post-IPO,United States,172.0000
Vroom,New York City,Transportation,275,0.2000,2023-01-18,Post-IPO,United States,1300.0000
8x8,SF Bay Area,Support,155,0.0700,2023-01-18,Post-IPO,United States,253.0000
Pagaya,New York City,Finance,140,0.2000,2023-01-18,Post-IPO,United States,571.0000
Benevity,Calgary,Other,137,0.1400,2023-01-18,Unknown,Canada,69.0000
Inspirato,Denver,Travel,109,0.1200,2023-01-18,Post-IPO,United States,179.0000
Jumpcloud,Boulder,Security,100,0.1200,2023-01-18,Series F,United States,416.0000
nCino,Wilmington,Finance,100,0.0700,2023-01-18,Post-IPO,United States,1100.0000
Starry,Boston,Other,100,0.2400,2023-01-18,Post-IPO,United States,260.0000
Hootsuite,Vancouver,Marketing,70,0.0700,2023-01-18,Series C,Canada,300.0000
Clue,Berlin,Healthcare,31,0.3100,2023-01-18,Unknown,Germany,47.0000
Addepar,SF Bay Area,Finance,20,0.0300,2023-01-18,Series F,United States,491.0000
80 Acres Farms,Cincinnati,Food,NULL,0.1000,2023-01-18,Unknown,United States,275.0000
Aiven,Helsinki,Infrastructure,NULL,0.2000,2023-01-18,Series D,Finland,420.0000
Bally's Interactive,Providence,NULL,NULL,0.1500,2023-01-18,Post-IPO,United States,946.0000
Betterfly,Santiago,Healthcare,NULL,0.3000,2023-01-18,Series C,Chile,204.0000
Lucid Diagnostics,New York City,Healthcare,NULL,0.2000,2023-01-18,Post-IPO,United States,NULL
Redbubble,Melbourne,Retail,NULL,0.1400,2023-01-18,Post-IPO,Australia,55.0000
Lightspeed Commerce,Montreal,Retail,300,0.1000,2023-01-17,Post-IPO,Canada,1200.0000
Unity,SF Bay Area,Other,284,0.0300,2023-01-17,Post-IPO,United States,1300.0000
Britishvolt,London,Transportation,206,1.0000,2023-01-17,Unknown,United Kingdom,2400.0000
Clutch,Toronto,Transportation,150,NULL,2023-01-17,Unknown,Canada,253.0000
Exotel,Bengaluru,Support,142,0.1500,2023-01-17,Series D,India,87.0000
Unico,Sao Paulo,Other,110,0.1000,2023-01-17,Series D,Brazil,336.0000
Tul,Bogota,Construction,100,NULL,2023-01-17,Series B,Colombia,218.0000
American Robotics,Boston,Other,50,0.6500,2023-01-17,Acquired,United States,92.0000
Luxury Presence,Los Angeles,Real Estate,44,NULL,2023-01-17,Series B,United States,31.0000
RingCentral,SF Bay Area,Other,30,NULL,2023-01-17,Post-IPO,United States,44.0000
GoMechanic,Gurugram,Transportation,NULL,0.7000,2023-01-17,Series C,India,54.0000
LiveVox,SF Bay Area,Support,NULL,0.1600,2023-01-17,Post-IPO,United States,12.0000
PagBank,Sao Paulo,Finance,500,0.0700,2023-01-16,Post-IPO,Brazil,NULL
ShareChat,Bengaluru,Consumer,500,0.2000,2023-01-16,Series H,India,1700.0000
Gramophone,Indore,Food,75,NULL,2023-01-16,Series B,India,17.0000
ClearCo,Toronto,Finance,50,0.3000,2023-01-16,Series C,Canada,698.0000
Dunzo,Bengaluru,Food,NULL,0.0300,2023-01-16,Unknown,India,382.0000
Ignition,Sydney,Finance,NULL,0.1000,2023-01-16,Series C,Australia,74.0000
Rebel Foods,Mumbai,Food,NULL,0.0200,2023-01-16,Unknown,India,548.0000
Captain Fresh,Bengaluru,Food,120,NULL,2023-01-15,Series C,India,126.0000
Snappy,New York City,Marketing,100,0.3000,2023-01-15,Series C,United States,104.0000
BharatAgri,Mumbai,Food,40,0.4300,2023-01-15,Series A,India,21.0000
DeHaat,Patna,Food,NULL,0.0500,2023-01-15,Series E,India,254.0000
Black Shark,Shenzen,Hardware,900,NULL,2023-01-13,Unknown,China,NULL
Ola,Bengaluru,Transportation,200,NULL,2023-01-13,Series J,India,5000.0000
Bonterra,Austin,Other,140,0.1000,2023-01-13,Unknown,United States,NULL
Vial,SF Bay Area,Healthcare,40,NULL,2023-01-13,Series B,United States,101.0000
Arch Oncology,Brisbane,Healthcare,NULL,1.0000,2023-01-13,Series C,United States,155.0000
Jellyfish,Boston,Product,NULL,0.0900,2023-01-13,Series C,United States,114.0000
Lending Club,SF Bay Area,Finance,225,0.1400,2023-01-12,Post-IPO,United States,392.0000
SmartNews,Tokyo,Media,120,0.4000,2023-01-12,Series F,United States,410.0000
Skit.ai,Bengaluru,Support,115,NULL,2023-01-12,Series B,India,28.0000
Pier,Sao Paulo,Finance,111,0.3900,2023-01-12,Series B,Brazil,42.0000
Blockchain.com,London,Crypto,110,0.2800,2023-01-12,Series D,United Kingdom,490.0000
Greenlight,Atlanta,Finance,104,0.2100,2023-01-12,Series D,United States,556.0000
Cashfree Payments,Bengaluru,Finance,100,NULL,2023-01-12,Series B,India,41.0000
Mapbox,Washington D.C.,Data,64,NULL,2023-01-12,Unknown,United States,334.0000
Definitive Healthcare,Boston,Healthcare,55,0.0600,2023-01-12,Post-IPO,United States,NULL
Akili Labs,Baltimore,Healthcare,46,0.3000,2023-01-12,Seed,United States,NULL
Career Karma,SF Bay Area,Education,22,NULL,2023-01-12,Series B,United States,51.0000
Crypto.com,Singapore,Crypto,NULL,0.2000,2023-01-12,Unknown,United States,NULL
Lattice,SF Bay Area,HR,NULL,0.1500,2023-01-12,Series F,United States,328.0000
Life360,SF Bay Area,Consumer,NULL,0.1400,2023-01-12,Post-IPO,United States,158.0000
Rock Content,Miami,Marketing,NULL,0.1500,2023-01-12,Series B,United States,34.0000
Flexport,SF Bay Area,Logistics,640,0.2000,2023-01-11,Series E,United States,2400.0000
Qualtrics,Salt Lake City,Other,270,0.0500,2023-01-11,Post-IPO,United States,400.0000
Verily,SF Bay Area,Healthcare,250,0.1500,2023-01-11,NULL,United States,3500.0000
Tipalti,SF Bay Area,Finance,123,0.1100,2023-01-11,Series F,United States,565.0000
Jumio,SF Bay Area,Security,100,0.0600,2023-01-11,Private Equity,United States,205.0000
CoinDCX,Mumbai,Crypto,80,NULL,2023-01-11,Series D,India,244.0000
HashiCorp,SF Bay Area,Security,69,NULL,2023-01-11,Post-IPO,United States,349.0000
Embark,Boston,Healthcare,41,NULL,2023-01-11,Series B,United States,94.0000
Intrinsic,SF Bay Area,Other,40,0.2000,2023-01-11,Acquired,United States,NULL
Citizen,New York City,Consumer,33,NULL,2023-01-11,Series C,United States,133.0000
Carta,SF Bay Area,HR,NULL,0.1000,2023-01-11,Series G,United States,1100.0000
Limeade,Seattle,HR,NULL,0.1500,2023-01-11,Series C,United States,33.0000
Paddle,London,Finance,NULL,0.0800,2023-01-11,Series D,United Kingdom,293.0000
Coinbase,SF Bay Area,Crypto,950,0.2000,2023-01-10,Post-IPO,United States,549.0000
Informatica,SF Bay Area,Data,450,0.0700,2023-01-10,Post-IPO,United States,NULL
Blend,SF Bay Area,Finance,340,0.2800,2023-01-10,Post-IPO,United States,665.0000
Till Payments,Sydney,Finance,120,NULL,2023-01-10,Series C,Australia,95.0000
ConsenSys,New York City,Crypto,100,0.1100,2023-01-10,Series D,United States,726.0000
ForeScout,SF Bay Area,Security,100,0.1000,2023-01-10,Post-IPO,United States,125.0000
Thinkific,Vancouver,Education,76,0.1900,2023-01-10,Post-IPO,Canada,22.0000
LEAD,Mumbai,Education,60,NULL,2023-01-10,Series E,India,190.0000
Parler,Nashville,Consumer,60,0.7500,2023-01-10,Series B,United States,36.0000
GoBolt,Toronto,Logistics,55,0.0500,2023-01-10,Series C,Canada,178.0000
Relevel,Bengaluru,HR,40,0.2000,2023-01-10,NULL,India,NULL
StreamElements,Tel Aviv,Media,40,0.2000,2023-01-10,Series B,Israel,111.0000
Beamery,London,HR,NULL,0.1200,2023-01-10,Series D,United States,223.0000
Citrix,Miami,Infrastructure,NULL,0.1500,2023-01-10,Acquired,United States,20.0000
Esper,Seattle,Other,NULL,0.2100,2023-01-10,Series A,United States,10.0000
WHOOP,Boston,Fitness,NULL,0.0400,2023-01-10,Series F,United States,404.0000
Fate Therapeutics,San Diego,Healthcare,315,0.5700,2023-01-09,Post-IPO,United States,1200.0000
Editas Medicine,Boston,Healthcare,NULL,0.2000,2023-01-09,Post-IPO,United States,656.0000
Scale AI,SF Bay Area,Data,NULL,0.2000,2023-01-09,Series E,United States,602.0000
Minute Media,London,Media,50,0.1000,2023-01-08,Series I,United Kingdom,160.0000
WalkMe,SF Bay Area,Other,43,0.0300,2023-01-08,Post-IPO,United States,307.0000
Huobi,Beijing,Crypto,275,0.2000,2023-01-06,Unknown,China,2.0000
Carbon Health,SF Bay Area,Healthcare,200,NULL,2023-01-06,Series D,United States,522.0000
Bounce,Bengaluru,Transportation,40,0.0500,2023-01-06,Series D,India,214.0000
Lantern,Grand Rapids,Retail,NULL,1.0000,2023-01-06,Seed,United States,40.0000
Mojo Vision,SF Bay Area,Hardware,NULL,0.7500,2023-01-06,Series B,United States,204.0000
SuperRare,Wilmington,Crypto,NULL,0.3000,2023-01-06,Series A,United States,9.0000
Cue,San Diego,Healthcare,388,NULL,2023-01-05,Post-IPO,United States,999.0000
SoundHound,SF Bay Area,Other,200,0.5000,2023-01-05,Post-IPO,United States,326.0000
Socure,Reno,Finance,104,0.1900,2023-01-05,Series E,United States,646.0000
Genesis,New York City,Crypto,60,0.3000,2023-01-05,Series A,United States,NULL
Moglix,Singapore,Retail,40,0.0200,2023-01-05,Series F,Singapore,472.0000
Twitter,SF Bay Area,Consumer,40,NULL,2023-01-05,Post-IPO,United States,12900.0000
Everlane,SF Bay Area,Retail,30,0.1700,2023-01-05,Unknown,United States,176.0000
Pecan AI,Tel Aviv,Data,30,0.2500,2023-01-05,Series C,Israel,116.0000
Personetics,New York City,Support,30,0.0800,2023-01-05,Private Equity,United States,178.0000
Twine Solutions,Tel Aviv,Hardware,30,0.3300,2023-01-05,Unknown,Israel,50.0000
UpScalio,Gurugram,Retail,25,0.1500,2023-01-05,Series B,India,62.0000
Attentive,New York City,Marketing,NULL,0.1500,2023-01-05,Series E,United States,863.0000
Stitch Fix,SF Bay Area,Retail,NULL,0.2000,2023-01-05,Post-IPO,United States,79.0000
TCR2,Boston,Healthcare,NULL,0.4000,2023-01-05,Post-IPO,United States,173.0000
Amazon,Seattle,Retail,8000,0.0200,2023-01-04,Post-IPO,United States,108.0000
Salesforce,SF Bay Area,Sales,8000,0.1000,2023-01-04,Post-IPO,United States,65.0000
Astronomer,Cincinnati,Data,76,0.2000,2023-01-04,Series C,United States,282.0000
Kaltura,New York City,Media,75,0.1100,2023-01-04,Post-IPO,United States,166.0000
Augury,New York City,Manufacturing,20,0.0500,2023-01-04,Series E,United States,274.0000
Butterfly Network,Boston,Healthcare,NULL,0.2500,2023-01-04,Post-IPO,United States,530.0000
Vimeo,New York City,Consumer,NULL,0.1100,2023-01-04,Post-IPO,United States,450.0000
Wyre,SF Bay Area,Crypto,NULL,1.0000,2023-01-04,Unknown,United States,29.0000
Pegasystems,Boston,HR,245,0.0400,2023-01-03,Post-IPO,United States,NULL
Uniphore,SF Bay Area,Support,76,0.1000,2023-01-03,Series E,United States,620.0000
Harappa,New Delhi,Education,60,0.3000,2023-01-03,Acquired,India,NULL
ByteDance,Shanghai,Consumer,NULL,0.1000,2023-01-03,Unknown,China,9400.0000
Amdocs,St. Louis,Support,700,0.0300,2023-01-02,Post-IPO,United States,NULL
Bilibili,Shanghai,Media,NULL,0.3000,2022-12-27,Post-IPO,China,3700.0000
Octopus Network,Beau Vallon,Crypto,NULL,0.4000,2022-12-27,Series A,Seychelles,8.0000
PayU,Amsterdam,Finance,150,0.0600,2022-12-26,Acquired,Netherlands,NULL
Element,London,Other,NULL,0.1500,2022-12-25,Series B,United Kingdom,96.0000
Willow,Sydney,Real Estate,99,0.2200,2022-12-23,Unknown,Australia,NULL
Back Market,Paris,Retail,93,0.1300,2022-12-23,Series E,France,1000.0000
Zoopla,London,Real Estate,50,NULL,2022-12-23,Series C,United Kingdom,25.0000
Qualcomm,San Diego,Hardware,153,NULL,2022-12-22,Post-IPO,United States,NULL
TuSimple,San Diego,Transportation,350,0.2500,2022-12-21,Post-IPO,United States,648.0000
Lendis,Berlin,Other,NULL,0.5000,2022-12-21,Series A,Germany,90.0000
Chope,Singapore,Food,65,0.2400,2022-12-20,Series E,Singapore,50.0000
Briza,Toronto,Finance,26,0.4000,2022-12-20,Series A,Canada,10.0000
Zhihu,Beijing,Consumer,NULL,0.1000,2022-12-20,Series F,China,892.0000
Homebot,Denver,Real Estate,18,0.1300,2022-12-19,Acquired,United States,4.0000
YourGrocer,Melbourne,Food,NULL,1.0000,2022-12-19,Unknown,Australia,2.0000
Tomorrow,Hamburg,Finance,30,0.2500,2022-12-16,Unknown,Germany,29.0000
Revelate,Montreal,Data,24,0.3000,2022-12-16,Series A,Canada,26.0000
Improbable,London,Other,NULL,0.1000,2022-12-16,Unknown,United Kingdom,704.0000
Modern Treasury,SF Bay Area,Finance,NULL,0.1800,2022-12-16,Series C,United States,183.0000
Reach,Calgary,Retail,NULL,0.1200,2022-12-16,Series A,Canada,30.0000
SonderMind,Denver,Healthcare,NULL,0.1500,2022-12-16,Series C,United States,183.0000
BigCommerce,Austin,Retail,180,0.1300,2022-12-15,Post-IPO,United States,224.0000
Freshworks,SF Bay Area,Support,90,0.0200,2022-12-15,Post-IPO,United States,484.0000
LeafLink,New York City,Other,80,0.3100,2022-12-15,Series C,United States,379.0000
Workmotion,Berlin,HR,60,0.2000,2022-12-15,Series B,United States,76.0000
Apollo,SF Bay Area,Product,NULL,0.1500,2022-12-15,Series D,United States,183.0000
JD.ID,Jakarta,Retail,200,0.3000,2022-12-14,Post-IPO,Indonesia,5100.0000
GoStudent,Vienna,Education,100,NULL,2022-12-14,Series D,Austria,686.0000
Quanergy Systems,SF Bay Area,Transportation,72,NULL,2022-12-14,Post-IPO,United States,175.0000
Headspace,Los Angeles,Healthcare,50,0.0400,2022-12-14,Unknown,United States,215.0000
ChowNow,Los Angeles,Food,40,0.1000,2022-12-14,Series C,United States,64.0000
Thumbtack,SF Bay Area,Consumer,160,0.1400,2022-12-13,Series I,United States,698.0000
Edgio,Phoenix,Infrastructure,95,0.1000,2022-12-13,Post-IPO,United States,462.0000
Komodo Health,SF Bay Area,Healthcare,78,0.0900,2022-12-13,Series E,United States,514.0000
Viant,Los Angeles,Marketing,46,0.1300,2022-12-13,Post-IPO,United States,NULL
Pluralsight,Salt Lake City,Education,400,0.2000,2022-12-12,Acquired,United States,192.0000
Freshly,Phoenix,Food,329,NULL,2022-12-12,Acquired,United States,107.0000
Balto,St. Louis,Sales,35,NULL,2022-12-12,Series B,United States,51.0000
Outschool,SF Bay Area,Education,43,0.2500,2022-12-10,Series D,United States,240.0000
Xentral,Munich,Product,20,0.1000,2022-12-10,Series B,Germany,94.0000
Playtika,Tel Aviv,Consumer,600,0.1500,2022-12-09,Post-IPO,Israel,NULL
Share Now,Berlin,Transportation,150,0.3600,2022-12-09,Acquired,Germany,NULL
Alice,Sao Paulo,Healthcare,113,0.1600,2022-12-09,Series C,Brazil,174.0000
Primer,London,Finance,85,0.3300,2022-12-09,Series B,United Kingdom,73.0000
OneFootball,Berlin,Marketing,62,0.1150,2022-12-09,Series D,Germany,442.0000
C2FO,Kansas City,Finance,20,0.0200,2022-12-09,Series H,United States,537.0000
Brodmann17,Tel Aviv,Other,NULL,1.0000,2022-12-09,Series A,Israel,25.0000
Digital Surge,Brisbane,Crypto,NULL,1.0000,2022-12-09,Unknown,Australia,NULL
ZenLedger,Seattle,Crypto,NULL,0.1000,2022-12-09,Series B,United States,25.0000
Airtable,SF Bay Area,Product,254,0.2000,2022-12-08,Series F,United States,1400.0000
Swiggy,Bengaluru,Food,250,0.0300,2022-12-08,Unknown,India,3600.0000
Glints,Singapore,HR,198,0.1800,2022-12-08,Series D,Singapore,82.0000
Buser,Sao Paulo,Transportation,160,0.3000,2022-12-08,Series C,Brazil,138.0000
BlackLine,Los Angeles,Finance,95,0.0500,2022-12-08,Private Equity,United States,220.0000
Chrono24,Karlsruhe,Retail,80,NULL,2022-12-08,Series C,Germany,205.0000
Otonomo,Tel Aviv,Transportation,80,0.5000,2022-12-08,Post-IPO,Israel,231.0000
TechTarget,Boston,Marketing,60,0.0500,2022-12-08,Post-IPO,United States,115.0000
Inscripta,Boulder,Healthcare,43,NULL,2022-12-08,Series E,United States,459.0000
CyCognito,SF Bay Area,Security,30,0.1500,2022-12-08,Series C,United States,153.0000
Armis,SF Bay Area,Security,25,0.0400,2022-12-08,Private Equity,United States,537.0000
Bakkt,Atlanta,Crypto,NULL,0.1500,2022-12-08,Post-IPO,United States,932.0000
Blue Apron,New York City,Food,NULL,0.1000,2022-12-08,Post-IPO,United States,352.0000
Nerdy,St. Louis,Education,NULL,0.1700,2022-12-08,Post-IPO,United States,150.0000
Vanta,SF Bay Area,Security,NULL,0.1400,2022-12-08,Series B,United States,203.0000
Vedantu,Bengaluru,Education,385,NULL,2022-12-07,Series E,India,292.0000
Loft,Sao Paulo,Real Estate,312,0.1200,2022-12-07,Unknown,Brazil,788.0000
Plaid,SF Bay Area,Finance,260,0.2000,2022-12-07,Series D,United States,734.0000
Motive,SF Bay Area,Transportation,237,0.0600,2022-12-07,Series F,United States,567.0000
Recur Forever,Miami,Crypto,235,NULL,2022-12-07,Series A,United States,55.0000
Relativity,Chicago,Legal,150,0.1000,2022-12-07,Private Equity,United States,125.0000
Voi,Stockholm,Transportation,130,0.1300,2022-12-07,Series D,United States,515.0000
Integral Ad Science,New York City,Marketing,120,0.1300,2022-12-07,Acquired,United States,116.0000
Houzz,SF Bay Area,Consumer,95,0.0800,2022-12-07,Series E,United States,613.0000
Grover,Berlin,Retail,40,0.1000,2022-12-07,Unknown,United States,2300.0000
Lev,New York City,Real Estate,30,0.3000,2022-12-07,Series B,United States,114.0000
Lithic,New York City,Finance,27,0.1800,2022-12-07,Series C,United States,115.0000
CircleCI,SF Bay Area,Product,NULL,0.1700,2022-12-07,Series F,United States,315.0000
Sayurbox,Jakarta,Food,NULL,0.0500,2022-12-07,Series C,Indonesia,139.0000
Doma,SF Bay Area,Finance,515,0.4000,2022-12-06,Post-IPO,United States,679.0000
Intel,SF Bay Area,Hardware,201,NULL,2022-12-06,Post-IPO,United States,12.0000
BuzzFeed,New York City,Media,180,0.1200,2022-12-06,Post-IPO,United States,696.0000
Weedmaps,Los Angeles,Other,175,0.2500,2022-12-06,Acquired,United States,NULL
Adobe,SF Bay Area,Marketing,100,NULL,2022-12-06,Post-IPO,United States,2.0000
Chipper Cash,SF Bay Area,Finance,50,0.1250,2022-12-06,Series C,United States,302.0000
Stash,New York City,Finance,32,0.0800,2022-12-06,Unknown,United States,480.0000
Perimeter 81,Tel Aviv,Security,20,0.0800,2022-12-06,Series C,Israel,165.0000
Koinly,London,Crypto,16,0.1400,2022-12-06,Unknown,United Kingdom,NULL
Bridgit,Waterloo,Construction,13,0.1300,2022-12-06,Series B,Canada,36.0000
Nextiva,Phoenix,Other,NULL,0.1700,2022-12-06,Private Equity,United States,200.0000
OneStudyTeam,Boston,Healthcare,NULL,0.2500,2022-12-06,Series D,United States,479.0000
Zuora,SF Bay Area,Finance,NULL,0.1100,2022-12-06,Post-IPO,United States,647.0000
Swyftx,Brisbane,Crypto,90,0.4000,2022-12-05,Unknown,Australia,NULL
Aqua Security,Boston,Security,65,0.1000,2022-12-05,Series E,United States,265.0000
DataRails,Tel Aviv,Finance,30,0.1800,2022-12-05,Series B,Israel,103.0000
OYO,Gurugram,Travel,600,NULL,2022-12-03,Series F,India,4000.0000
HealthifyMe,Bengaluru,Fitness,150,NULL,2022-12-03,Series C,India,100.0000
Bybit,Singapore,Crypto,NULL,0.3000,2022-12-03,Unknown,Singapore,NULL
Cognyte,Tel Aviv,Security,100,0.0500,2022-12-02,Unknown,Israel,NULL
ShareChat,Bengaluru,Consumer,100,NULL,2022-12-02,Unknown,India,1700.0000
Polly,Burlington,Finance,47,0.1500,2022-12-02,Series C,United States,184.0000
Lora DiCarlo,Bend,Consumer,NULL,1.0000,2022-12-02,Unknown,United States,9.0000
Carousell,Singapore,Retail,110,0.1000,2022-12-01,Private Equity,Singapore,372.0000
Bizzabo,New York City,Marketing,100,0.3700,2022-12-01,Series E,United States,194.0000
BloomTech,SF Bay Area,Education,88,0.5000,2022-12-01,Unknown,United States,NULL
Netlify,SF Bay Area,Product,48,0.1600,2022-12-01,Series D,United States,212.0000
Springbig,Miami,Sales,37,0.2300,2022-12-01,Post-IPO,United States,32.0000
Podium,Lehi,Support,NULL,0.1200,2022-12-01,Series D,United States,419.0000
SQZ Biotech,Boston,Healthcare,NULL,0.6000,2022-12-01,Post-IPO,United States,229.0000
Strava,SF Bay Area,Fitness,NULL,0.1400,2022-12-01,Series F,United States,151.0000
Synlogic,Boston,Healthcare,NULL,0.2500,2022-12-01,Post-IPO,United States,321.0000
DoorDash,SF Bay Area,Food,1250,0.0600,2022-11-30,Post-IPO,United States,2500.0000
Kraken,SF Bay Area,Crypto,1100,0.3000,2022-11-30,Unknown,United States,134.0000
Happy Money,Los Angeles,Finance,158,0.3400,2022-11-30,Series D,United States,191.0000
Ula,Jakarta,Retail,134,0.2300,2022-11-30,Series B,Indonesia,140.0000
Wonder,New York City,Food,130,0.0700,2022-11-30,Series B,United States,850.0000
StudySmarter,Berlin,Education,70,NULL,2022-11-30,Series A,Germany,64.0000
Grin,Sacramento,Marketing,60,0.1300,2022-11-30,Series B,United States,145.0000
Ualá,Buenos Aires,Finance,53,0.0300,2022-11-30,Series D,Argentina,544.0000
Teachmint,Bengaluru,Education,45,0.0500,2022-11-30,Series B,India,118.0000
Etermax,Buenos Aires,Other,40,NULL,2022-11-30,Unknown,Argentina,NULL
Thread,London,Retail,30,0.5000,2022-11-30,Acquired,United Kingdom,40.0000
Elastic,SF Bay Area,Data,NULL,0.1300,2022-11-30,Post-IPO,United States,162.0000
Sana,Seattle,Healthcare,NULL,0.1500,2022-11-30,Series A,United States,700.0000
Bitso,Mexico City,Crypto,100,NULL,2022-11-29,Series C,Mexico,378.0000
Lyst,London,Retail,50,0.2500,2022-11-29,Unknown,United Kingdom,144.0000
CoinJar,Melbourne,Crypto,10,0.2000,2022-11-29,Unknown,Australia,1.0000
Bitfront,SF Bay Area,Crypto,NULL,1.0000,2022-11-29,Unknown,United States,NULL
Codexis,SF Bay Area,Healthcare,NULL,0.1800,2022-11-29,Post-IPO,United States,162.0000
Firework,SF Bay Area,Retail,NULL,0.1000,2022-11-29,Series B,United States,269.0000
MessageBird,Amsterdam,Other,NULL,0.3100,2022-11-29,Series C,Netherlands,1100.0000
Plerk,Guadalajara,Finance,NULL,0.4000,2022-11-29,Series A,Mexico,13.0000
Infarm,Berlin,Other,500,0.5000,2022-11-28,Series D,Germany,604.0000
Wildlife Studios,Sao Paulo,Consumer,300,0.2000,2022-11-28,Unknown,Brazil,260.0000
Hirect,Bengaluru,Recruiting,200,0.4000,2022-11-28,Series A,India,NULL
ApplyBoard,Waterloo,Education,90,0.0600,2022-11-28,Series D,Canada,483.0000
Ajaib,Jakarta,Finance,67,0.0800,2022-11-28,Unknown,Indonesia,245.0000
Candy Digital,New York City,Crypto,33,0.3300,2022-11-28,Series A,United States,100.0000
ResearchGate,Berlin,Other,25,0.1000,2022-11-28,Series D,Germany,87.0000
BlockFi,New York City,Crypto,NULL,1.0000,2022-11-28,Series E,United States,1000.0000
NCX,SF Bay Area,Energy,NULL,0.4000,2022-11-28,Series B,United States,78.0000
Change Invest,Amsterdam,Finance,NULL,0.2400,2022-11-27,Unknown,Netherlands,22.0000
VerSe Innovation,Bengaluru,Media,150,0.0500,2022-11-25,Series J,India,1700.0000
Carwow,London,Transportation,70,0.2000,2022-11-25,Unknown,United Kingdom,157.0000
Vendease,Lagos,Food,27,0.0900,2022-11-25,Series A,Nigeria,43.0000
Lemon,Buenos Aires,Crypto,100,0.3800,2022-11-24,Series A,Argentina,17.0000
Quidax,Lagos,Crypto,20,0.2000,2022-11-24,Unknown,Nigeria,3.0000
Assure,Salt Lake City,Finance,NULL,1.0000,2022-11-23,Seed,United States,2.0000
GoodGood,Toronto,Retail,NULL,1.0000,2022-11-23,Seed,Canada,6.0000
SWVL,Cairo,Transportation,NULL,0.5000,2022-11-23,Post-IPO,Egypt,264.0000
Western Digital,SF Bay Area,Hardware,251,NULL,2022-11-22,Post-IPO,United States,900.0000
SIRCLO,Jakarta,Retail,160,0.0800,2022-11-22,Series B,Indonesia,92.0000
Trax,Singapore,Retail,80,0.0800,2022-11-22,Series E,Singapore,1000.0000
Jumia,Lagos,Retail,900,0.2000,2022-11-21,Post-IPO,Nigeria,1200.0000
Kitopi,Dubai,Food,93,0.1000,2022-11-21,Series C,United States,804.0000
Devo,Boston,Security,NULL,0.1500,2022-11-21,Series F,United States,481.0000
GloriFi,Dallas,Finance,NULL,1.0000,2022-11-21,Unknown,United States,NULL
Zomato,Gurugram,Food,100,0.0400,2022-11-19,Series J,India,914.0000
Carvana,Phoenix,Transportation,1500,0.0800,2022-11-18,Post-IPO,United States,1600.0000
Nuro,SF Bay Area,Transportation,300,0.2000,2022-11-18,Series D,United States,2100.0000
Synthego,SF Bay Area,Healthcare,105,0.2000,2022-11-18,Series E,United States,459.0000
Splyt,London,Transportation,57,NULL,2022-11-18,Series B,United Kingdom,34.0000
Capitolis,New York City,Finance,NULL,0.2500,2022-11-18,Series D,United States,281.0000
StoryBlocks,Washington D.C.,Media,NULL,0.2500,2022-11-18,Acquired,United States,18.0000
Unchained Capital,Austin,Crypto,NULL,0.1500,2022-11-18,Series A,United States,33.0000
Roku,SF Bay Area,Media,200,0.0700,2022-11-17,Post-IPO,United States,208.0000
Orchard,New York City,Real Estate,180,NULL,2022-11-17,Series D,United States,472.0000
Homepoint,Phoenix,Real Estate,113,NULL,2022-11-17,Post-IPO,United States,NULL
Juni,Gothenburg,Finance,72,0.3300,2022-11-17,Unknown,Sweden,281.0000
Chili Piper,New York City,Sales,58,NULL,2022-11-17,Series B,United States,54.0000
Capitolis,New York City,Finance,37,0.2500,2022-11-17,Series D,United States,281.0000
TealBook,Toronto,Other,34,0.1900,2022-11-17,Series B,Canada,73.0000
Koho,Toronto,Finance,15,0.0400,2022-11-17,Series D,Canada,278.0000
&Open,Dublin,Marketing,9,0.0900,2022-11-17,Series A,Ireland,35.0000
Kandji,San Diego,Other,NULL,0.1700,2022-11-17,Series C,United States,188.0000
Morning Brew,New York City,Media,NULL,0.1400,2022-11-17,Acquired,United States,NULL
Symend,Calgary,Other,NULL,0.1300,2022-11-17,Series C,Canada,148.0000
Amazon,Seattle,Retail,10000,0.0300,2022-11-16,Post-IPO,United States,108.0000
Cisco,SF Bay Area,Infrastructure,4100,0.0500,2022-11-16,Post-IPO,United States,2.0000
Twiga,Nairobi,Food,211,0.2100,2022-11-16,Series C,Kenya,157.0000
Wayflyer,Dublin,Marketing,200,0.4000,2022-11-16,Unknown,Ireland,889.0000
SimilarWeb,New York City,Other,120,0.1000,2022-11-16,Post-IPO,United States,235.0000
Salsify,Boston,Retail,90,0.1100,2022-11-16,Series F,United States,452.0000
Lokalise,Dover,Other,76,0.2300,2022-11-16,Series B,United States,56.0000
Yotpo,New York City,Marketing,70,0.0900,2022-11-16,Unknown,United States,436.0000
Pear Therapeutics,Boston,Healthcare,59,0.2200,2022-11-16,Post-IPO,United States,409.0000
D2L,Waterloo,Education,NULL,0.0500,2022-11-16,Post-IPO,Canada,168.0000
Dance,Berlin,Transportation,NULL,0.1600,2022-11-16,Unknown,Germany,63.0000
Homeward,Austin,Real Estate,NULL,0.2500,2022-11-16,Unknown,United States,501.0000
Hopin,London,Other,NULL,0.1700,2022-11-16,Series D,United Kingdom,1000.0000
Kite,SF Bay Area,Product,NULL,1.0000,2022-11-16,Series A,United States,21.0000
UiPath,New York City,Data,241,0.0600,2022-11-15,Post-IPO,United States,2000.0000
Asana,SF Bay Area,Other,180,0.0900,2022-11-15,Post-IPO,United States,453.0000
OwnBackup,New York City,Security,170,0.1700,2022-11-15,Series E,United States,507.0000
Deliveroo Australia,Melbourne,Food,120,1.0000,2022-11-15,Post-IPO,Australia,1700.0000
Productboard,SF Bay Area,Product,100,0.2000,2022-11-15,Series D,United States,NULL
Properly,Toronto,Real Estate,71,NULL,2022-11-15,Series B,Canada,154.0000
Protocol,SF Bay Area,Media,60,1.0000,2022-11-15,Acquired,United States,NULL
Jimdo,Hamburg,Other,50,0.1600,2022-11-15,Unknown,Germany,28.0000
The Zebra,Austin,Finance,50,NULL,2022-11-15,Series D,United States,256.0000
Viber,Luxembourg,Consumer,45,0.0800,2022-11-15,Acquired,Luxembourg,NULL
CaptivateIQ,SF Bay Area,Sales,31,0.1000,2022-11-15,Series C,United States,164.0000
Apollo Insurance,Vancouver,Finance,NULL,0.2500,2022-11-15,Series B,Canada,11.0000
Nirvana Money,Miami,Finance,NULL,1.0000,2022-11-15,Unknown,United States,NULL
OfferUp,Seattle,Retail,NULL,0.1900,2022-11-15,Unknown,United States,381.0000
Outside,Boulder,Media,NULL,0.1200,2022-11-15,Series B,United States,174.0000
Rubicon Technologies,Lexington,Other,NULL,0.1100,2022-11-15,Post-IPO,United States,382.0000
Whispir,Melbourne,Other,NULL,0.3000,2022-11-15,Post-IPO,Australia,68.0000
Illumina,San Diego,Healthcare,500,0.0500,2022-11-14,Post-IPO,United States,28.0000
Sema4,Stamford,Healthcare,500,NULL,2022-11-14,Post-IPO,United States,791.0000
iFit,Logan,Fitness,300,0.2000,2022-11-14,Private Equity,United States,200.0000
Ribbon,New York City,Real Estate,170,0.8500,2022-11-14,Series C,United States,405.0000
Pipedrive,Tallinn,Sales,143,0.1500,2022-11-14,Private Equity,Estonia,90.0000
Intercom,SF Bay Area,Support,124,0.1300,2022-11-14,Series D,United States,240.0000
Science 37,Los Angeles,Healthcare,90,NULL,2022-11-14,Post-IPO,United States,347.0000
Pear Therapeutics,Boston,Healthcare,59,0.2200,2022-11-14,Post-IPO,United States,409.0000
Cardlytics,Atlanta,Marketing,51,NULL,2022-11-14,Post-IPO,United States,212.0000
Cloudinary,SF Bay Area,Media,40,0.0800,2022-11-14,Unknown,United States,100.0000
Nestcoin,Lagos,Crypto,30,NULL,2022-11-14,Seed,Nigeria,6.0000
Gokada,Lagos,Transportation,20,NULL,2022-11-14,Unknown,Nigeria,12.0000
Tricida,SF Bay Area,Healthcare,NULL,0.5700,2022-11-14,Post-IPO,United States,624.0000
Veev,SF Bay Area,Real Estate,100,0.3000,2022-11-11,Series D,United States,597.0000
Forto,Berlin,Logistics,60,0.0800,2022-11-11,Series D,United States,593.0000
Offerpad,Phoenix,Real Estate,NULL,0.0700,2022-11-11,Post-IPO,United States,355.0000
GoTo Group,Jakarta,Transportation,1300,0.1200,2022-11-10,Post-IPO,Indonesia,1300.0000
Juul,SF Bay Area,Consumer,400,0.3000,2022-11-10,Unknown,United States,1500.0000
Blend,SF Bay Area,Finance,100,0.0600,2022-11-10,Post-IPO,United States,665.0000
InfluxData,SF Bay Area,Data,65,0.2700,2022-11-10,Series D,United States,119.0000
Coinbase,SF Bay Area,Crypto,60,NULL,2022-11-10,Post-IPO,United States,549.0000
SoundHound,SF Bay Area,Other,45,0.1000,2022-11-10,Post-IPO,United States,326.0000
Wistia,Boston,Marketing,40,NULL,2022-11-10,Unknown,United States,18.0000
Ocavu,Lehi,Crypto,20,0.4800,2022-11-10,Series A,United States,11.0000
Avast,Phoenix,Security,NULL,0.2500,2022-11-10,Unknown,United States,NULL
SendCloud,Eindhoven,Logistics,NULL,0.1000,2022-11-10,Series C,United States,200.0000
Wavely,SF Bay Area,HR,NULL,1.0000,2022-11-10,Unknown,United States,NULL
Meta,SF Bay Area,Consumer,11000,0.1300,2022-11-09,Post-IPO,United States,26000.0000
Redfin,Seattle,Real Estate,862,0.1300,2022-11-09,Post-IPO,United States,320.0000
Flyhomes,Seattle,Real Estate,300,0.4000,2022-11-09,Series C,United States,310.0000
AvantStay,Los Angeles,Travel,144,0.2200,2022-11-09,Private Equity,United States,686.0000
Root Insurance,Columbus,Finance,137,0.2000,2022-11-09,Post-IPO,United States,527.0000
Liftoff,SF Bay Area,Marketing,130,0.1500,2022-11-09,Acquired,United States,6.0000
Cameo,Chicago,Consumer,80,NULL,2022-11-09,Unknown,United States,165.0000
Plum,Bengaluru,Healthcare,36,0.1000,2022-11-09,Series A,India,20.0000
Kabam,SF Bay Area,Consumer,35,0.0700,2022-11-09,Acquired,United States,244.0000
HighRadius,Bengaluru,Finance,25,NULL,2022-11-09,Series C,India,475.0000
Namogoo,Tel Aviv,Marketing,25,0.1500,2022-11-09,Series C,United States,69.0000
CloudFactory,Nairobi,Data,NULL,0.1200,2022-11-09,Private Equity,Kenya,78.0000
Faze Medicines,Boston,Healthcare,NULL,1.0000,2022-11-09,Series B,United States,81.0000
RingCentral,SF Bay Area,Other,NULL,0.1000,2022-11-09,Post-IPO,United States,44.0000
EverBridge,Boston,Other,200,NULL,2022-11-08,Post-IPO,United States,476.0000
Repertoire Immune Medicines,Boston,Healthcare,65,0.5000,2022-11-08,Series B,United States,257.0000
Astra,SF Bay Area,Aerospace,NULL,0.1600,2022-11-08,Post-IPO,United States,300.0000
NanoString,Seattle,Healthcare,NULL,0.1000,2022-11-08,Post-IPO,United States,731.0000
SADA,Los Angeles,Other,NULL,0.1100,2022-11-08,Acquired,United States,NULL
Salesforce,SF Bay Area,Sales,1000,0.0100,2022-11-07,Post-IPO,United States,65.0000
Unacademy,Bengaluru,Education,350,0.1000,2022-11-07,Series H,India,838.0000
Zendesk,SF Bay Area,Support,350,0.0500,2022-11-07,Acquired,United States,85.0000
Dock,Sao Paulo,Finance,190,0.1200,2022-11-07,Private Equity,Brazil,280.0000
Code42,Minneapolis,Security,NULL,0.1500,2022-11-07,Unknown,United States,137.0000
Domino Data Lab,SF Bay Area,Data,NULL,0.2500,2022-11-07,Series F,United States,223.0000
Varonis,New York City,Security,110,0.0500,2022-11-06,Post-IPO,United States,30.0000
Brainly,Krakow,Education,25,NULL,2022-11-06,Series D,Poland,148.0000
Twitter,SF Bay Area,Consumer,3700,0.5000,2022-11-04,Post-IPO,United States,12900.0000
Udaan,Bengaluru,Retail,350,NULL,2022-11-04,Unknown,India,1500.0000
Planetly,Berlin,Other,200,1.0000,2022-11-04,Acquired,Germany,5.0000
KoinWorks,Jakarta,Finance,70,0.0800,2022-11-04,Unknown,Indonesia,180.0000
Exodus,Nebraska City,Crypto,59,0.2200,2022-11-04,Unknown,United States,60.0000
Benitago Group,New York City,Retail,NULL,0.1400,2022-11-04,Series A,United States,380.0000
Mythical Games,Los Angeles,Crypto,NULL,0.1000,2022-11-04,Series C,United States,260.0000
Stripe,SF Bay Area,Finance,1000,0.1400,2022-11-03,Series H,United States,2300.0000
Lyft,SF Bay Area,Transportation,700,0.1300,2022-11-03,Post-IPO,United States,4900.0000
LendingTree,Charlotte,Finance,200,NULL,2022-11-03,Post-IPO,United States,NULL
Pleo,Copenhagen,Finance,150,0.1500,2022-11-03,Series C,United States,428.0000
Delivery Hero,Berlin,Food,100,NULL,2022-11-03,Post-IPO,Germany,8300.0000
Shippo,SF Bay Area,Logistics,60,0.2000,2022-11-03,Series E,United States,154.0000
Affirm,SF Bay Area,Finance,NULL,0.0100,2022-11-03,Post-IPO,United States,1500.0000
LiveRamp,SF Bay Area,Marketing,NULL,0.1000,2022-11-03,Post-IPO,United States,16.0000
Rubius,Boston,Healthcare,NULL,0.8200,2022-11-03,Post-IPO,United States,445.0000
Snapdocs,SF Bay Area,Real Estate,NULL,0.1500,2022-11-03,Series D,United States,253.0000
Opendoor,SF Bay Area,Real Estate,550,0.1800,2022-11-02,Post-IPO,United States,1900.0000
Chime,SF Bay Area,Finance,156,0.1200,2022-11-02,Series G,United States,2300.0000
Chargebee,SF Bay Area,Finance,142,0.1000,2022-11-02,Series H,United States,468.0000
Dapper Labs,Vancouver,Crypto,134,0.2200,2022-11-02,Series D,United States,607.0000
Checkmarx,Tel Aviv,Security,100,0.1000,2022-11-02,Series C,Israel,92.0000
Smava,Berlin,Finance,100,0.1500,2022-11-02,Unknown,Germany,188.0000
Iron Ox,SF Bay Area,Food,50,0.5000,2022-11-02,Series C,United States,103.0000
Digital Currency Gruop,Stamford,Crypto,10,0.1300,2022-11-02,Unknown,United States,NULL
BitMEX,Non-U.S.,Crypto,NULL,0.3000,2022-11-02,Seed,Seychelles,0.0000
Argo AI,SF Bay Area,Transportation,259,NULL,2022-11-01,Unknown,United States,3600.0000
Booking.com,Grand Rapids,Travel,226,NULL,2022-11-01,Acquired,United States,NULL
Oracle,SF Bay Area,Other,200,NULL,2022-11-01,Post-IPO,United States,NULL
Upstart,SF Bay Area,Finance,140,0.0700,2022-11-01,Post-IPO,United States,144.0000
Gem,SF Bay Area,Recruiting,100,0.3300,2022-11-01,Series C,United States,148.0000
Oda,Oslo,Food,70,0.1800,2022-11-01,Unknown,Sweden,377.0000
Oda,Oslo,Food,70,0.1800,2022-11-01,Unknown,Norway,477.0000
Oda,Oslo,Food,70,0.0600,2022-11-01,Unknown,Norway,479.0000
Hootsuite,Vancouver,Marketing,50,0.0500,2022-11-01,Series C,Canada,300.0000
Drop,Toronto,Marketing,24,NULL,2022-11-01,Series B,Canada,56.0000
Tapps Games,Sao Paulo,Consumer,10,NULL,2022-11-01,Unknown,Brazil,NULL
Brightline,SF Bay Area,Healthcare,NULL,0.2000,2022-11-01,Series C,United States,212.0000
Kry,Stockholm,Healthcare,300,0.1000,2022-10-31,Series D,Sweden,568.0000
Notarize,Boston,Legal,60,NULL,2022-10-31,Series D,United States,213.0000
EquityZen,New York City,Finance,30,0.2700,2022-10-31,Series B,United States,11.0000
Equitybee,SF Bay Area,Finance,25,0.2000,2022-10-31,Series B,United States,85.0000
Dukaan,Bengaluru,Retail,23,NULL,2022-10-31,Series A,India,17.0000
Amazon,Seattle,Retail,150,NULL,2022-10-28,Post-IPO,United States,108.0000
Fifth Season,Pittsburgh,Food,100,1.0000,2022-10-28,Series B,United States,35.0000
Advata,Seattle,Healthcare,32,0.2100,2022-10-28,NULL,United States,NULL
Springlane,Düsseldorf,Food,NULL,0.3500,2022-10-28,Series C,Germany,11.0000
RenoRun,Montreal,Construction,210,0.4300,2022-10-27,Series B,Canada,163.0000
Recharge,Los Angeles,Finance,84,0.1700,2022-10-27,Series B,United States,277.0000
Lattice,SF Bay Area,HR,13,NULL,2022-10-27,Series F,United States,328.0000
GoNuts,Mumbai,Media,NULL,1.0000,2022-10-27,Seed,India,NULL
MindBody,San Luis Obispo,Fitness,400,0.1500,2022-10-26,Post-IPO,United States,114.0000
Zillow,Seattle,Real Estate,300,0.0500,2022-10-26,Post-IPO,United States,97.0000
Cybereason,Boston,Security,200,0.1700,2022-10-26,Series F,United States,750.0000
Argo AI,Pittsburgh,Transportation,173,NULL,2022-10-26,Unknown,United States,3600.0000
GoFundMe,SF Bay Area,Finance,94,0.1200,2022-10-26,Series A,United States,NULL
Fundbox,SF Bay Area,Finance,150,0.4200,2022-10-25,Series D,United States,553.0000
Embroker,SF Bay Area,Finance,30,0.1200,2022-10-25,Series C,United States,142.0000
Vee,Tel Aviv,HR,17,0.5000,2022-10-25,Seed,Israel,15.0000
Callisto Media,SF Bay Area,Media,NULL,0.3500,2022-10-25,Series D,United States,NULL
Philips,Amsterdam,Healthcare,4000,0.0500,2022-10-24,Post-IPO,Netherlands,NULL
Cerebral,SF Bay Area,Healthcare,400,0.2000,2022-10-24,Series C,United States,462.0000
Snyk,Boston,Security,198,0.1400,2022-10-24,Series F,United States,849.0000
McMakler,Berlin,Real Estate,100,NULL,2022-10-24,Unknown,Germany,214.0000
Unico,Sao Paulo,Other,50,0.0400,2022-10-24,Series D,Brazil,336.0000
OrCam,Jerusalem,Healthcare,62,0.1600,2022-10-23,Unknown,Israel,86.0000
Antidote Health,Tel Aviv,Healthcare,23,0.3800,2022-10-23,Unknown,Israel,36.0000
Khoros,Austin,Sales,120,0.1000,2022-10-21,Private Equity,United States,138.0000
F5,Seattle,Security,100,0.0100,2022-10-21,Post-IPO,United States,NULL
Elinvar,Berlin,Finance,43,0.3300,2022-10-21,Unknown,Germany,30.0000
Synapsica,New Delhi,Healthcare,30,0.3000,2022-10-21,Series A,India,4.0000
Volta,SF Bay Area,Transportation,NULL,0.5400,2022-10-21,Post-IPO,United States,575.0000
Hotmart,Belo Horizonte,Marketing,227,0.1200,2022-10-20,Series C,Brazil,127.0000
Zeus Living,SF Bay Area,Real Estate,64,0.4600,2022-10-20,Series C,United States,151.0000
Loom,SF Bay Area,Product,23,0.1100,2022-10-20,Series C,United States,203.0000
Sales Boomerang,Baltimore,Sales,20,NULL,2022-10-20,Private Equity,United States,5.0000
Roofstock,SF Bay Area,Real Estate,NULL,0.2000,2022-10-20,Series E,United States,365.0000
Starry,Boston,Other,NULL,0.5000,2022-10-20,Post-IPO,United States,260.0000
Gopuff,Philadelphia,Food,250,NULL,2022-10-19,Series H,United States,3400.0000
AtoB,SF Bay Area,Finance,32,0.3000,2022-10-19,Series B,United States,177.0000
InfoSum,London,Security,20,0.1200,2022-10-19,Series B,United Kingdom,88.0000
Faire,SF Bay Area,Retail,84,0.0700,2022-10-18,Series G,United States,1700.0000
Leafly,Seattle,Retail,56,0.2100,2022-10-18,Post-IPO,United States,71.0000
Ada Health,Berlin,Healthcare,50,NULL,2022-10-17,Series B,Germany,189.0000
Tiendanube,Buenos Aires,Marketing,50,0.0500,2022-10-17,Unknown,Argentina,NULL
Nuri,Berlin,Crypto,NULL,1.0000,2022-10-17,Series B,Germany,42.0000
Flipboard,SF Bay Area,Media,24,0.2100,2022-10-16,Unknown,United States,235.0000
Clear Capital,Reno,Real Estate,378,0.2700,2022-10-14,Unknown,United States,NULL
Beyond Meat,Los Angeles,Food,200,0.1900,2022-10-14,Post-IPO,United States,122.0000
Flux Systems,London,Finance,NULL,1.0000,2022-10-14,Unknown,United Kingdom,9.0000
Qin1,Noida,Education,NULL,1.0000,2022-10-14,Seed,India,NULL
Salesforce,SF Bay Area,Sales,90,NULL,2022-10-13,Post-IPO,United States,65.0000
Playdots,New York City,Consumer,65,1.0000,2022-10-13,Acquired,United States,10.0000
Byju's,Bengaluru,Education,2500,0.0500,2022-10-12,Private Equity,India,5500.0000
6sense,SF Bay Area,Sales,150,0.1000,2022-10-12,Series E,United States,426.0000
Sinch,Stockholm,Other,150,NULL,2022-10-12,Post-IPO,Sweden,1500.0000
FrontRow,Bengaluru,Education,130,0.7500,2022-10-12,Series A,India,17.0000
Noom,New York City,Healthcare,500,0.1000,2022-10-11,Series F,United States,657.0000
MX,Lehi,Finance,200,NULL,2022-10-11,Series C,United States,450.0000
Brex,SF Bay Area,Finance,136,0.1100,2022-10-11,Series D,United States,1500.0000
Pacaso,SF Bay Area,Real Estate,100,0.3000,2022-10-11,Series C,United States,217.0000
Sketch,The Hague,Other,80,NULL,2022-10-11,Series A,Netherlands,20.0000
Udacity,SF Bay Area,Education,55,0.1300,2022-10-11,Unknown,United States,235.0000
Linkfire,Copenhagen,Marketing,35,0.3500,2022-10-11,Seed,Denmark,2.0000
HelloFresh,SF Bay Area,Food,611,NULL,2022-10-10,Post-IPO,United States,367.0000
Momentive,SF Bay Area,Marketing,180,0.1100,2022-10-10,Post-IPO,United States,1100.0000
Pavilion Data,SF Bay Area,Infrastructure,96,0.9600,2022-10-10,Series D,United States,103.0000
Redesign Health,New York City,Healthcare,67,0.2000,2022-10-10,Series C,United States,315.0000
Nyriad,Austin,Infrastructure,NULL,0.3300,2022-10-10,Unknown,United States,58.0000
BioMarin,SF Bay Area,Healthcare,120,0.0400,2022-10-07,Post-IPO,United States,585.0000
Rev.com,Austin,Data,85,NULL,2022-10-07,Series D,United States,30.0000
Crypto.com,Singapore,Crypto,2000,0.3000,2022-10-06,Unknown,Singapore,156.0000
Peloton,New York City,Fitness,500,0.1200,2022-10-06,Post-IPO,United States,1900.0000
Landing,Birmingham,Real Estate,110,NULL,2022-10-06,Series C,United States,347.0000
Turnitin,SF Bay Area,Education,51,0.0500,2022-10-06,Acquired,United States,NULL
Impossible Foods,SF Bay Area,Food,50,0.0600,2022-10-06,Series H,United States,1900.0000
Foresight Insurance,SF Bay Area,Finance,NULL,0.4000,2022-10-06,Series B,United States,58.0000
Built In,Chicago,Recruiting,50,0.2500,2022-10-05,Series C,United States,29.0000
TwinStrand,Seattle,Healthcare,NULL,0.5000,2022-10-05,Series B,United States,73.0000
8x8,SF Bay Area,Support,200,0.0900,2022-10-04,Post-IPO,United States,253.0000
Homie,Salt Lake City,Real Estate,40,0.1300,2022-10-04,Series B,United States,35.0000
Fivetran,SF Bay Area,Data,NULL,0.0500,2022-10-04,Series D,United States,NULL
Xendit,Jakarta,Finance,NULL,0.0500,2022-10-04,Series D,Indonesia,534.0000
Zoomo,Sydney,Transportation,NULL,0.1600,2022-10-04,Series B,Australia,105.0000
ActiveCampaign,Chicago,Marketing,NULL,0.1500,2022-10-03,Series C,United States,360.0000
WazirX,Mumbai,Crypto,60,0.4000,2022-10-02,Acquired,India,NULL
Spin,SF Bay Area,Transportation,78,0.1000,2022-09-30,Acquired,United States,8.0000
Carsome,Kuala Lumpur,Transportation,NULL,0.1000,2022-09-30,Series E,Malaysia,607.0000
Pastel,SF Bay Area,Food,NULL,1.0000,2022-09-30,Unknown,United States,NULL
Westwing,Munich,Retail,125,NULL,2022-09-29,Post-IPO,Germany,237.0000
Mux,SF Bay Area,Infrastructure,40,0.2000,2022-09-29,Series D,United States,173.0000
Solarisbank,Berlin,Finance,NULL,0.1000,2022-09-29,Unknown,Germany,385.0000
DocuSign,SF Bay Area,Sales,671,0.0900,2022-09-28,Post-IPO,United States,536.0000
Volta,SF Bay Area,Transportation,NULL,0.1000,2022-09-28,Post-IPO,United States,575.0000
Divvy Homes,SF Bay Area,Real Estate,40,0.1200,2022-09-27,Series B,United States,180.0000
Konfio,Mexico City,Finance,180,NULL,2022-09-23,Series E,United States,706.0000
Moss,Berlin,Fin-Tech,70,0.1500,2022-09-23,Series B,Germany,150.0000
Foxtrot,Chicago,Food,26,0.0350,2022-09-23,Series C,United States,166.0000
Truiloo,Vancouver,Security,24,0.0500,2022-09-23,Series D,Canada,474.0000
Pesto,SF Bay Area,Other,NULL,1.0000,2022-09-23,Seed,United States,6.0000
NYDIG,New York City,Crypto,110,0.3300,2022-09-22,Private Equity,United States,1400.0000
Klarna,Stockholm,Finance,100,NULL,2022-09-22,Unknown,Sweden,3700.0000
Made.com,London,Retail,NULL,0.3500,2022-09-22,Series D,United Kingdom,136.0000
Kitty Hawk,SF Bay Area,Aerospace,100,1.0000,2022-09-21,Unknown,United States,1.0000
Compass,New York City,Real Estate,271,NULL,2022-09-20,Post-IPO,United States,1600.0000
Curative,Los Angeles,Healthcare,109,NULL,2022-09-20,Seed,United States,8.0000
Ada,Toronto,Support,78,0.1600,2022-09-20,Series C,Canada,190.0000
99,Sao Paulo,Transportation,75,0.0200,2022-09-20,Acquired,Brazil,244.0000
Ouster,SF Bay Area,Transportation,NULL,0.1000,2022-09-20,Post-IPO,United States,282.0000
Zappos,Las Vegas,Retail,NULL,0.0400,2022-09-20,Acquired,United States,62.0000
Ola,Bengaluru,Transportation,200,NULL,2022-09-19,Series J,India,5000.0000
Vesalius Therapeutics,Boston,Healthcare,29,0.4300,2022-09-19,Series B,United States,75.0000
VideoAmp,Los Angeles,Marketing,NULL,0.0200,2022-09-19,Series F,United States,456.0000
Clear,Bengaluru,Finance,190,0.2000,2022-09-16,Series C,India,140.0000
TrueLayer,London,Finance,40,0.1000,2022-09-16,Series E,United States,271.0000
LivePerson,New York City,Support,193,0.1100,2022-09-15,Post-IPO,United States,42.0000
Acast,Stockholm,Media,70,0.1500,2022-09-15,Post-IPO,Sweden,126.0000
WorkRamp,SF Bay Area,HR,35,0.2000,2022-09-15,Series C,United States,67.0000
NextRoll,SF Bay Area,Marketing,NULL,0.0700,2022-09-15,Unknown,United States,108.0000
Twilio,SF Bay Area,Other,800,0.1100,2022-09-14,Post-IPO,United States,614.0000
Pitch,Berlin,Marketing,59,0.3000,2022-09-14,Series B,Germany,137.0000
Infarm,Berlin,Other,50,0.0500,2022-09-14,Series D,Germany,604.0000
Netflix,SF Bay Area,Media,30,NULL,2022-09-14,Post-IPO,United States,121900.0000
Bitrise,Budapest,Infrastructure,NULL,0.1400,2022-09-14,Series C,Hungary,83.0000
Rubius,Boston,Healthcare,160,0.7500,2022-09-13,Post-IPO,United States,445.0000
Checkout.com,London,Finance,100,0.0500,2022-09-13,Series D,United Kingdom,1800.0000
Taboola,New York City,Marketing,100,0.0600,2022-09-13,Post-IPO,United States,445.0000
Patreon,SF Bay Area,Media,80,0.1700,2022-09-13,Series F,United States,413.0000
FullStory,Atlanta,Marketing,NULL,0.1200,2022-09-13,Unknown,United States,197.0000
Propzy,Ho Chi Minh City,Real Estate,NULL,1.0000,2022-09-13,Series A,Vietnam,33.0000
Quicko,Sao Paulo,Transportation,60,NULL,2022-09-12,Acquired,Brazil,28.0000
Mode Analytics,SF Bay Area,Data,25,NULL,2022-09-12,Series D,United States,81.0000
Compete,Tel Aviv,HR,11,0.2800,2022-09-12,Series A,Israel,17.0000
Karbon,SF Bay Area,Other,NULL,0.2300,2022-09-12,Series B,United States,91.0000
Rent the Runway,New York City,Retail,NULL,0.2400,2022-09-12,Post-IPO,United States,526.0000
SkipTheDishes,Winnipeg,Food,350,NULL,2022-09-09,Acquired,Canada,6.0000
Brighte,Sydney,Energy,58,NULL,2022-09-09,Series C,Australia,145.0000
Patreon,SF Bay Area,Media,5,NULL,2022-09-09,Series F,United States,413.0000
Amber Group,Hong Kong,Crypto,NULL,0.1000,2022-09-09,Series B,Hong Kong,328.0000
CommonBond,New York City,Finance,NULL,1.0000,2022-09-09,Series D,United States,125.0000
Flowhub,Denver,Retail,NULL,0.1500,2022-09-09,Unknown,United States,45.0000
Lido Learning,Mumbai,Education,NULL,1.0000,2022-09-09,Series C,India,20.0000
GoStudent,Vienna,Education,200,NULL,2022-09-08,Series D,Austria,686.0000
Pomelo Fashion,Bangkok,Retail,55,0.0800,2022-09-08,Unknown,Thailand,120.0000
Genome Medical,SF Bay Area,Healthcare,23,NULL,2022-09-08,Series C,United States,120.0000
BigBear.ai,Baltimore,Data,NULL,0.0700,2022-09-08,Post-IPO,United States,200.0000
Simple Feast,Copenhagen,Food,150,1.0000,2022-09-07,Unknown,Denmark,173.0000
Foodpanda,Singapore,Food,60,NULL,2022-09-07,Acquired,Singapore,749.0000
Uber,Vilnius,Transportation,60,NULL,2022-09-07,Post-IPO,Lithuania,24700.0000
Rupeek,Bengaluru,Finance,50,NULL,2022-09-07,Unknown,India,172.0000
Intercom,SF Bay Area,Support,49,0.0500,2022-09-07,Series D,United States,240.0000
Pendo,Raleigh,Product,45,0.0500,2022-09-07,Series F,United States,469.0000
Demandbase,SF Bay Area,Sales,27,0.0300,2022-09-07,Series H,United States,143.0000
Medly,New York City,Healthcare,NULL,0.5000,2022-09-07,Series C,United States,100.0000
Brave Care,Portland,Healthcare,40,0.3300,2022-09-06,Series B,United States,42.0000
Lawgeex,Tel Aviv,Legal,30,0.3300,2022-09-06,Series C,Israel,41.0000
Juniper Square,SF Bay Area,Real Estate,NULL,0.1400,2022-09-06,Series C,United States,108.0000
Medium,SF Bay Area,Media,NULL,0.2500,2022-09-06,Unknown,United States,163.0000
Kuda,Lagos,Finance,23,0.0500,2022-09-02,Series B,Nigeria,91.0000
2TM,Sao Paulo,Crypto,100,0.1500,2022-09-01,Unknown,Brazil,250.0000
Innovaccer,SF Bay Area,Healthcare,90,0.0800,2022-09-01,Series E,United States,379.0000
Shopify,Ottawa,Retail,70,NULL,2022-09-01,Post-IPO,Canada,122.0000
Urban Sports Club,Berlin,Fitness,55,0.1500,2022-09-01,Unknown,Germany,95.0000
Hedvig,Stockholm,Finance,12,NULL,2022-09-01,Series B,Sweden,67.0000
Snap,Los Angeles,Consumer,1280,0.2000,2022-08-31,Post-IPO,United States,4900.0000
GoodRx,Los Angeles,Healthcare,140,0.1600,2022-08-31,Post-IPO,United States,910.0000
Smava,Berlin,Finance,100,0.1000,2022-08-31,Unknown,Germany,188.0000
Hippo Insurance,SF Bay Area,Finance,70,0.1000,2022-08-31,Post-IPO,United States,1300.0000
Clari,SF Bay Area,Sales,45,NULL,2022-08-31,Series F,United States,496.0000
Koo,Bengaluru,Consumer,40,NULL,2022-08-31,Series B,India,44.0000
TCR2,Boston,Healthcare,30,0.2000,2022-08-31,Post-IPO,United States,173.0000
Apartment List,SF Bay Area,Real Estate,29,0.1000,2022-08-31,Series D,United States,169.0000
Artnight,Berlin,Retail,26,0.3600,2022-08-31,Unknown,Germany,NULL
The Wing,New York City,Real Estate,NULL,1.0000,2022-08-31,Series C,United States,117.0000
Electric,New York City,Other,81,NULL,2022-08-30,Series D,United States,212.0000
Immersive Labs,Bristol,Security,38,0.1000,2022-08-30,Series C,United Kingdom,123.0000
Nate,New York City,Retail,30,NULL,2022-08-30,Series A,United States,47.0000
Meesho,Bengaluru,Retail,300,NULL,2022-08-29,Series F,India,1100.0000
54gene,Washington D.C.,Healthcare,95,0.3000,2022-08-29,Series B,United States,44.0000
Zymergen,SF Bay Area,Other,80,NULL,2022-08-26,Acquired,United States,974.0000
Okta,SF Bay Area,Security,24,NULL,2022-08-26,Post-IPO,United States,1200.0000
Argyle,New York City,Finance,20,0.0700,2022-08-26,Series B,United States,78.0000
FreshDirect,Philadelphia,Food,40,NULL,2022-08-25,Acquired,United States,280.0000
Loja Integrada,Sao Paulo,Retail,25,0.1000,2022-08-25,Acquired,Brazil,NULL
Impact.com,Los Angeles,Marketing,NULL,0.1000,2022-08-25,Private Equity,United States,361.0000
ShipBob,Chicago,Logistics,NULL,0.0700,2022-08-25,Series E,United States,330.0000
Reali,SF Bay Area,Real Estate,140,1.0000,2022-08-24,Series B,United States,117.0000
Loop,Washington D.C.,Finance,15,0.2000,2022-08-24,Series A,United States,24.0000
Tier Mobility,Berlin,Transportation,180,0.1600,2022-08-23,Series D,Germany,646.0000
Packable,New York City,Retail,138,0.2000,2022-08-23,Unknown,United States,472.0000
Q4,Toronto,Other,50,0.0800,2022-08-23,Series C,Canada,91.0000
Skedulo,SF Bay Area,HR,31,0.0800,2022-08-23,Series C,United States,114.0000
Plato,SF Bay Area,HR,29,0.5000,2022-08-23,Seed,United States,3.0000
DataRobot,Boston,Data,NULL,0.2600,2022-08-23,Series G,United States,1000.0000
Mr. Yum,Melbourne,Food,NULL,0.1700,2022-08-22,Series A,United States,73.0000
ShopX,Bengaluru,Retail,NULL,1.0000,2022-08-22,Unknown,India,56.0000
NSO,Tel Aviv,Security,100,0.1400,2022-08-21,Seed,Israel,1.0000
Tufin,Boston,Security,55,0.1000,2022-08-21,Acquired,United States,21.0000
Amperity,Seattle,Marketing,13,0.0300,2022-08-20,Series D,United States,187.0000
Wayfair,Boston,Retail,870,0.0500,2022-08-19,Post-IPO,United States,1700.0000
Stripe,SF Bay Area,Finance,50,NULL,2022-08-19,Series H,United States,2300.0000
Hodlnaut,Singapore,Crypto,40,0.8000,2022-08-19,Unknown,Singapore,NULL
New Relic,SF Bay Area,Infrastructure,110,0.0500,2022-08-18,Post-IPO,United States,214.0000
Wheel,Austin,Healthcare,35,0.1700,2022-08-18,Series C,United States,215.0000
Thirty Madison,New York City,Healthcare,NULL,0.1000,2022-08-18,Series C,United States,209.0000
Vendasta,Saskatoon,Marketing,NULL,0.0500,2022-08-18,Series D,Canada,178.0000
Malwarebytes,SF Bay Area,Security,125,0.1400,2022-08-17,Series B,United States,80.0000
Fluke,Sao Paulo,Other,83,0.8200,2022-08-17,Seed,Brazil,NULL
Swyftx,Brisbane,Crypto,74,0.2100,2022-08-17,Unknown,Australia,NULL
Tempo Automation,SF Bay Area,Other,54,NULL,2022-08-17,Series C,United States,74.0000
Genesis,New York City,Crypto,52,0.2000,2022-08-17,Series A,United States,NULL
Warren,Porto Alegre,Finance,50,NULL,2022-08-17,Series C,Brazil,104.0000
AlayaCare,Montreal,Healthcare,80,0.1400,2022-08-16,Series D,Canada,293.0000
Pliops,Tel Aviv,Data,12,0.0900,2022-08-16,Series D,Israel,205.0000
Woven,Indianapolis,HR,5,0.1500,2022-08-16,Series A,United States,11.0000
Edmodo,SF Bay Area,Education,NULL,1.0000,2022-08-16,Acquired,United States,77.0000
Snapdocs,SF Bay Area,Real Estate,NULL,0.1000,2022-08-16,Series D,United States,253.0000
Sema4,Stamford,Healthcare,250,0.1300,2022-08-15,Post-IPO,United States,791.0000
Blend,SF Bay Area,Finance,220,0.1200,2022-08-15,Post-IPO,United States,665.0000
ContraFect,New York City,Healthcare,16,0.3700,2022-08-15,Post-IPO,United States,380.0000
ThredUp,Chicago,Retail,NULL,0.1500,2022-08-15,Post-IPO,United States,305.0000
Anywell,Tel Aviv,Real Estate,11,NULL,2022-08-14,Series A,Israel,15.0000
Peloton,New York City,Fitness,784,0.1300,2022-08-12,Post-IPO,United States,1900.0000
Core Scientific,Austin,Crypto,NULL,0.1000,2022-08-12,Post-IPO,United States,169.0000
Truepill,SF Bay Area,Healthcare,175,0.3300,2022-08-11,Series D,United States,255.0000
Calm,SF Bay Area,Healthcare,90,0.2000,2022-08-11,Series C,United States,218.0000
FourKites,Chicago,Logistics,60,0.0800,2022-08-11,Series D,United States,201.0000
Marketforce,Nairobi,Retail,54,0.0900,2022-08-11,Series A,Kenya,42.0000
Betterfly,Santiago,Healthcare,30,NULL,2022-08-11,Series C,Chile,204.0000
Expert360,Sydney,Recruiting,7,NULL,2022-08-11,Series C,Australia,26.0000
Guidewire,SF Bay Area,Finance,NULL,0.0200,2022-08-11,Post-IPO,United States,24.0000
Trybe,Sao Paulo,Education,47,0.1000,2022-08-10,Series B,Brazil,40.0000
Permutive,London,Marketing,30,0.1200,2022-08-10,Series C,United Kingdom,105.0000
Homeward,Austin,Real Estate,NULL,0.2000,2022-08-10,Series B,United States,160.0000
Pollen,London,Marketing,NULL,1.0000,2022-08-10,Series C,United Kingdom,238.0000
Vedanta Biosciences,Boston,Healthcare,NULL,0.2000,2022-08-10,Series D,United States,301.0000
GoHealth,Chicago,Healthcare,800,0.2000,2022-08-09,Post-IPO,United States,75.0000
Hootsuite,Vancouver,Marketing,400,0.3000,2022-08-09,Series C,Canada,300.0000
Nutanix,SF Bay Area,Infrastructure,270,0.0400,2022-08-09,Post-IPO,United States,1100.0000
Quanterix,Boston,Healthcare,130,0.2500,2022-08-09,Post-IPO,United States,533.0000
Wix,Tel Aviv,Marketing,100,NULL,2022-08-09,Post-IPO,Israel,58.0000
MadeiraMadeira,Curitiba,Retail,60,0.0300,2022-08-09,Series E,Brazil,338.0000
Melio,New York City,Finance,60,NULL,2022-08-09,Series D,United States,504.0000
Linktree,Melbourne,Consumer,50,0.1700,2022-08-09,Unknown,Australia,165.0000
Shogun,SF Bay Area,Retail,48,0.3000,2022-08-09,Series C,United States,114.0000
Absci,Vancouver,Healthcare,40,NULL,2022-08-09,Post-IPO,United States,237.0000
Dooly,Vancouver,Sales,12,NULL,2022-08-09,Series B,Canada,102.0000
Berkeley Lights,SF Bay Area,Healthcare,NULL,0.1200,2022-08-09,Post-IPO,United States,272.0000
DailyPay,New York City,Finance,NULL,0.1500,2022-08-09,Unknown,United States,814.0000
Haus,SF Bay Area,Food,NULL,1.0000,2022-08-09,Seed,United States,7.0000
Kaltura,New York City,Media,NULL,0.1000,2022-08-09,Post-IPO,United States,166.0000
Groupon,Chicago,Retail,500,0.1500,2022-08-08,Post-IPO,United States,1400.0000
Loggi,Sao Paulo,Logistics,500,0.1500,2022-08-08,Series F,Brazil,507.0000
Vroom,New York City,Transportation,337,NULL,2022-08-08,Post-IPO,United States,1300.0000
Warby Parker,New York City,Consumer,63,NULL,2022-08-08,Post-IPO,United States,535.0000
Labelbox,SF Bay Area,Data,36,NULL,2022-08-08,Series D,United States,188.0000
Perion,Tel Aviv,Marketing,20,0.0500,2022-08-08,Post-IPO,Israel,76.0000
Daily Harvest,New York City,Food,NULL,0.1500,2022-08-08,Series D,United States,120.0000
iRobot,Boston,Consumer,140,0.1000,2022-08-05,Acquired,United States,30.0000
Mejuri,Toronto,Retail,50,0.1000,2022-08-05,Series B,Canada,28.0000
Uberflip,Toronto,Marketing,31,0.1700,2022-08-05,Series A,Canada,42.0000
Doma,SF Bay Area,Finance,250,0.1300,2022-08-04,Post-IPO,United States,679.0000
Article,Vancouver,Retail,216,0.1700,2022-08-04,Series B,Canada,NULL
Jam City,Los Angeles,Consumer,200,0.1700,2022-08-04,Unknown,United States,652.0000
10X Genomics,SF Bay Area,Healthcare,100,0.0800,2022-08-04,Post-IPO,United States,242.0000
LEAD,Mumbai,Education,80,0.0400,2022-08-04,Series E,India,166.0000
Zendesk,SF Bay Area,Support,80,NULL,2022-08-04,Acquired,United States,85.0000
On Deck,SF Bay Area,Education,73,0.3300,2022-08-04,Series A,United States,20.0000
RenoRun,Montreal,Construction,70,0.1200,2022-08-04,Series B,Canada,163.0000
RingCentral,SF Bay Area,Support,50,NULL,2022-08-04,Post-IPO,United States,44.0000
Medly,New York City,Healthcare,NULL,0.1600,2022-08-04,Series C,United States,100.0000
Nomad,Sao Paulo,Finance,NULL,0.2000,2022-08-04,Series B,Brazil,290.0000
Weedmaps,Los Angeles,Other,NULL,0.1000,2022-08-04,Acquired,United States,NULL
Zenius,Jakarta,Education,NULL,0.3000,2022-08-04,Series B,Indonesia,20.0000
Healthcare.com,Miami,Healthcare,149,NULL,2022-08-03,Series C,United States,244.0000
Unbounce,Vancouver,Marketing,47,0.2000,2022-08-03,Series A,Canada,39.0000
Beyond Meat,Los Angeles,Food,40,NULL,2022-08-03,Post-IPO,United States,122.0000
The Org,New Delhi,HR,13,NULL,2022-08-03,Series B,United States,39.0000
Puppet,Portland,Infrastructure,NULL,0.1500,2022-08-03,Acquired,United States,189.0000
SoundCloud,Berlin,Consumer,NULL,0.2000,2022-08-03,Unknown,Germany,542.0000
Talkwalker,Luxembourg,Marketing,NULL,0.1500,2022-08-03,Private Equity,Luxembourg,9.0000
Robinhood,SF Bay Area,Finance,713,0.2300,2022-08-02,Post-IPO,United States,5600.0000
Latch,New York City,Security,115,0.3700,2022-08-02,Post-IPO,United States,342.0000
Vedantu,Bengaluru,Education,100,NULL,2022-08-02,Series E,India,292.0000
Seegrid,Pittsburgh,Logistics,90,NULL,2022-08-02,Unknown,United States,107.0000
Nylas,SF Bay Area,Product,80,0.2500,2022-08-02,Series C,United States,175.0000
Outreach,Seattle,Sales,60,0.0500,2022-08-02,Series G,United States,489.0000
Sendy,Nairobi,Logistics,54,0.2000,2022-08-02,Series B,Kenya,26.0000
The Predictive Index,Boston,HR,40,NULL,2022-08-02,Acquired,United States,71.0000
Sendy,Nairobi,Logistics,30,0.1000,2022-08-02,Series B,Kenya,26.0000
Stedi,Boulder,Product,23,0.3000,2022-08-02,Series B,United States,75.0000
Glossier,New York City,Retail,19,0.0800,2022-08-02,Series E,United States,266.0000
Butterfly Network,New Haven,Healthcare,NULL,0.1000,2022-08-02,Post-IPO,United States,530.0000
Hash,Sao Paulo,Finance,58,0.5000,2022-08-01,Series C,Brazil,58.0000
Perceptive Automata,Boston,Transportation,NULL,1.0000,2022-08-01,Series A,United States,20.0000
Metigy,Sydney,Marketing,75,1.0000,2022-07-31,Series B,Australia,18.0000
Vee,Tel Aviv,HR,16,0.3200,2022-07-31,Seed,Israel,15.0000
Gatherly,Atlanta,Marketing,NULL,0.5000,2022-07-31,NULL,United States,NULL
Ola,Bengaluru,Transportation,1000,NULL,2022-07-29,Series J,India,5000.0000
Clearco,Toronto,Fin-Tech,125,0.2500,2022-07-29,Series C,Canada,681.0000
Imperfect Foods,SF Bay Area,Food,50,NULL,2022-07-29,Series D,United States,229.0000
Shelf Engine,Seattle,Food,43,NULL,2022-07-29,Series B,United States,58.0000
Quantcast,SF Bay Area,Marketing,40,0.0600,2022-07-29,Series C,United States,65.0000
Sherpa,Toronto,Travel,22,NULL,2022-07-29,Unknown,Canada,11.0000
Yabonza,Sydney,Real Estate,NULL,1.0000,2022-07-29,Unknown,Australia,6.0000
Ribbon,New York City,Real Estate,136,NULL,2022-07-28,Series C,United States,405.0000
Career Karma,SF Bay Area,Education,60,0.3300,2022-07-28,Series B,United States,51.0000
Metromile,SF Bay Area,Finance,60,0.2000,2022-07-28,Acquired,United States,510.0000
Laybuy,Auckland,Finance,45,NULL,2022-07-28,Post-IPO,New Zealand,130.0000
Allbirds,SF Bay Area,Retail,23,NULL,2022-07-28,Post-IPO,United States,202.0000
TextNow,Waterloo,Consumer,22,NULL,2022-07-28,Seed,Canada,1.0000
2U,Washington D.C.,Education,NULL,0.2000,2022-07-28,Post-IPO,United States,426.0000
Change.org,SF Bay Area,Other,NULL,0.1900,2022-07-28,Series D,United States,72.0000
Turntide,SF Bay Area,Energy,NULL,0.2000,2022-07-28,Unknown,United States,491.0000
Rivian,Detroit,Transportation,840,0.0600,2022-07-27,Post-IPO,United States,10700.0000
Vox Media,Washington D.C.,Media,39,0.0200,2022-07-27,Series F,United States,307.0000
Coinsquare,Toronto,Crypto,30,0.2400,2022-07-27,Unknown,Canada,98.0000
Skai,Tel Aviv,Marketing,30,0.0400,2022-07-27,Series E,Israel,60.0000
Shopify,Ottawa,Retail,1000,0.1000,2022-07-26,Post-IPO,Canada,122.0000
McMakler,Berlin,Real Estate,90,NULL,2022-07-26,Unknown,Germany,214.0000
Fiverr,Tel Aviv,Other,60,0.0800,2022-07-26,Post-IPO,Israel,111.0000
InDebted,Sydney,Finance,40,0.1700,2022-07-26,Series B,Australia,41.0000
Outbrain,New York City,Marketing,38,0.0300,2022-07-26,Post-IPO,United States,394.0000
Dover,SF Bay Area,Recruiting,23,0.3000,2022-07-26,Series A,United States,22.0000
Immutable,Sydney,Crypto,20,0.0600,2022-07-26,Series C,Australia,279.0000
Zymergen,SF Bay Area,Other,80,NULL,2022-07-25,Acquired,United States,974.0000
Pear Therapeutics,Boston,Healthcare,25,0.0900,2022-07-25,Post-IPO,United States,409.0000
Included Health,SF Bay Area,Healthcare,NULL,0.0600,2022-07-25,Series E,United States,272.0000
Soluto,Tel Aviv,Support,120,1.0000,2022-07-24,Acquired,Israel,18.0000
Eucalyptus,Sydney,Healthcare,50,0.2000,2022-07-22,Series C,United States,69.0000
Workstream,SF Bay Area,HR,45,NULL,2022-07-22,Series B,United States,58.0000
Quanto,Sao Paulo,Finance,28,0.2200,2022-07-22,Series A,Brazil,15.0000
Clarify Health,SF Bay Area,Healthcare,15,0.0500,2022-07-22,Series D,United States,328.0000
Boosted Commerce,Los Angeles,Retail,NULL,0.0500,2022-07-22,Series B,United States,137.0000
Blockchain.com,London,Crypto,150,0.2500,2022-07-21,Series D,United Kingdom,490.0000
Callisto Media,SF Bay Area,Media,140,0.3500,2022-07-21,Series D,United States,NULL
AppGate,Miami,Security,130,0.2200,2022-07-21,Post-IPO,United States,NULL
WHOOP,Boston,Fitness,95,0.1500,2022-07-21,Series F,United States,404.0000
Rad Power Bikes,Seattle,Transportation,63,0.1000,2022-07-21,Series D,United States,329.0000
Lunchbox,New York City,Food,60,0.3300,2022-07-21,Series B,United States,72.0000
RealSelf,Seattle,Healthcare,11,0.0500,2022-07-21,Series B,United States,42.0000
98point6,Seattle,Healthcare,NULL,0.1000,2022-07-21,Series E,United States,247.0000
InVision,New York City,Product,NULL,0.5000,2022-07-21,Series F,United States,356.0000
Just Eat Takeaway,Amsterdam,Food,390,NULL,2022-07-20,Post-IPO,Netherlands,2800.0000
Flyhomes,Seattle,Real Estate,200,0.2000,2022-07-20,Series C,United States,310.0000
Varo,SF Bay Area,Finance,75,NULL,2022-07-20,Series E,United States,992.0000
BlueStacks,SF Bay Area,Other,60,NULL,2022-07-20,Series C,United States,48.0000
Lyft,SF Bay Area,Transportation,60,0.0200,2022-07-20,Post-IPO,United States,4900.0000
Introhive,Ferdericton,Sales,57,0.1600,2022-07-20,Series C,Canada,125.0000
Zencity,Tel Aviv,Other,30,0.2000,2022-07-20,Unknown,Israel,51.0000
Splice,New York City,Media,23,NULL,2022-07-20,Series D,United States,159.0000
Forma.ai,Toronto,Sales,15,0.0900,2022-07-20,Series B,Canada,58.0000
Arc,SF Bay Area,HR,13,NULL,2022-07-20,Seed,United States,1.0000
Invitae,SF Bay Area,Healthcare,1000,NULL,2022-07-19,Post-IPO,United States,2000.0000
Olive,Columbus,Healthcare,450,0.3100,2022-07-19,Series H,United States,856.0000
M1,Chicago,Finance,38,NULL,2022-07-19,Series E,United States,323.0000
SellerX,Berlin,Retail,28,NULL,2022-07-19,Unknown,Germany,766.0000
Stint,London,HR,28,0.2000,2022-07-19,Unknown,United Kingdom,NULL
Capsule,New York City,Healthcare,NULL,0.1300,2022-07-19,Series D,United States,570.0000
PACT Pharma,SF Bay Area,Healthcare,94,NULL,2022-07-18,Series C,United States,200.0000
Gemini,New York City,Crypto,68,0.0700,2022-07-18,Unknown,United States,423.0000
Lusha,New York City,Marketing,30,0.1000,2022-07-18,Series B,United States,245.0000
Freshly,New York City,Food,NULL,0.2500,2022-07-18,Acquired,United States,107.0000
Hydrow,Boston,Fitness,NULL,0.3500,2022-07-18,Series D,United States,269.0000
Vimeo,New York City,Consumer,NULL,0.0600,2022-07-18,Post-IPO,United States,450.0000
Bright Money,Bengaluru,Finance,100,0.5000,2022-07-15,Series A,India,31.0000
Project44,Chicago,Logistics,63,0.0500,2022-07-15,Unknown,United States,817.0000
Heroes,London,Retail,24,0.2000,2022-07-15,Unknown,United States,265.0000
Aspire,SF Bay Area,Marketing,23,NULL,2022-07-15,Series A,United States,27.0000
StyleSeat,SF Bay Area,Consumer,NULL,0.1700,2022-07-15,Series C,United States,40.0000
Zego,London,Finance,85,0.1700,2022-07-14,Series C,United Kingdom,202.0000
The Mom Project,Chicago,HR,54,0.1500,2022-07-14,Series C,United States,115.0000
Unstoppable Domains,SF Bay Area,Crypto,42,0.2500,2022-07-14,Series B,United States,7.0000
Kiavi,SF Bay Area,Real Estate,39,0.0700,2022-07-14,Series E,United States,240.0000
OpenSea,New York City,Crypto,NULL,0.2000,2022-07-14,Series C,United States,427.0000
Wave,Dakar,Finance,300,0.1500,2022-07-13,Series A,Senegal,292.0000
Tonal,SF Bay Area,Fitness,262,0.3500,2022-07-13,Series E,United States,450.0000
Fabric,New York City,Logistics,120,0.4000,2022-07-13,Series C,United States,336.0000
Bryter,Berlin,Product,100,0.3000,2022-07-13,Series B,Germany,89.0000
ChowNow,Los Angeles,Food,100,0.2000,2022-07-13,Series C,United States,64.0000
Involves,Florianópolis,Retail,70,0.1800,2022-07-13,Unknown,Brazil,23.0000
100 Thieves,Los Angeles,Consumer,12,NULL,2022-07-13,Series C,United States,120.0000
Nuro,SF Bay Area,Transportation,7,NULL,2022-07-13,Series D,United States,2100.0000
Arrival,London,Transportation,NULL,0.3000,2022-07-13,Post-IPO,United Kingdom,629.0000
Papa,Miami,Other,NULL,0.1500,2022-07-13,Series D,United States,241.0000
Gopuff,Philadelphia,Food,1500,0.1000,2022-07-12,Series H,United States,3400.0000
Fraazo,Mumbai,Food,150,NULL,2022-07-12,Series B,India,63.0000
Babylon,London,Healthcare,100,NULL,2022-07-12,Post-IPO,United Kingdom,1100.0000
Hubilo,SF Bay Area,Marketing,45,0.1200,2022-07-12,Series B,United States,153.0000
Airlift,Lahore,Logistics,NULL,1.0000,2022-07-12,Series B,Pakistan,109.0000
Hopin,London,Other,242,0.2900,2022-07-11,Series D,United Kingdom,1000.0000
Alice,Sao Paulo,Healthcare,63,NULL,2022-07-11,Series C,Brazil,174.0000
SundaySky,New York City,Marketing,24,0.1300,2022-07-11,Series D,United States,74.0000
Forward,SF Bay Area,Healthcare,NULL,0.0500,2022-07-11,Series D,United States,225.0000
Ignite,SF Bay Area,Crypto,NULL,0.5000,2022-07-11,Series A,United States,9.0000
PuduTech,Shenzen,Other,1500,NULL,2022-07-08,Series C,China,184.0000
Butler Hospitality,New York City,Food,1000,1.0000,2022-07-08,Series B,United States,50.0000
Calibrate,New York City,Healthcare,156,0.2400,2022-07-08,Series B,United States,127.0000
NextRoll,SF Bay Area,Marketing,NULL,0.0300,2022-07-08,Unknown,United States,108.0000
Argo AI,Pittsburgh,Transportation,150,0.0500,2022-07-07,Unknown,United States,3600.0000
Next Insurance,SF Bay Area,Finance,150,0.1700,2022-07-07,Series E,United States,881.0000
Adwerx,Durham,Marketing,40,NULL,2022-07-07,Unknown,United States,20.0000
Emotive,Los Angeles,Marketing,30,0.1800,2022-07-07,Series B,United States,78.0000
Cedar,New York City,Healthcare,NULL,0.2400,2022-07-07,Series D,United States,351.0000
Remote,SF Bay Area,HR,100,0.0900,2022-07-06,Series C,United States,496.0000
Shopify,Ottawa,Retail,50,NULL,2022-07-06,Post-IPO,Canada,122.0000
Anodot,Tel Aviv,Data,35,0.2700,2022-07-06,Series C,United States,64.0000
SQream,New York City,Data,30,0.1800,2022-07-06,Series B,United States,77.0000
Loft,Sao Paulo,Real Estate,384,0.1200,2022-07-05,Unknown,Brazil,788.0000
Bizzabo,New York City,Marketing,120,0.3000,2022-07-05,Series E,United States,194.0000
eToro,Tel Aviv,Finance,100,0.0600,2022-07-05,Unknown,Israel,322.0000
Verbit,New York City,Data,80,0.1000,2022-07-05,Series E,United States,569.0000
Outschool,SF Bay Area,Education,31,0.1800,2022-07-05,Series D,United States,240.0000
Bullish,Hong Kong,Crypto,30,0.0800,2022-07-05,Unknown,Hong Kong,300.0000
Transmit Security,Boston,Security,27,0.0700,2022-07-05,Series A,United States,583.0000
Thimble,New York City,Fin-Tech,20,0.3300,2022-07-05,Series A,United States,28.0000
Syte,Tel Aviv,Retail,13,0.0800,2022-07-05,Series C,Israel,71.0000
Lightricks,Jerusalem,Consumer,80,0.1200,2022-07-04,Series D,Israel,335.0000
Chessable,London,Consumer,29,NULL,2022-07-04,Acquired,United Kingdom,0.0000
Sendle,Sydney,Logistics,27,0.1200,2022-07-04,Series C,Australia,69.0000
Lendis,Berlin,Other,18,0.1500,2022-07-04,Series A,Germany,90.0000
Gorillas,Berlin,Food,540,NULL,2022-07-03,Series C,Germany,1300.0000
Celsius,New York City,Crypto,150,0.2500,2022-07-03,Series B,United States,864.0000
Zepto,Brisbane,Finance,NULL,0.1000,2022-07-02,Series A,Australia,25.0000
WanderJaunt,SF Bay Area,Travel,85,1.0000,2022-07-01,Series B,United States,26.0000
Canoo,Los Angeles,Transportation,58,0.0600,2022-07-01,Post-IPO,United States,300.0000
Bamboo Health,Louisville,Healthcare,52,NULL,2022-07-01,Unknown,United States,NULL
Teleport,SF Bay Area,Infrastructure,15,0.0600,2022-07-01,Series C,United States,169.0000
Enjoy,SF Bay Area,Retail,400,0.1800,2022-06-30,Post-IPO,United States,310.0000
Crejo.Fun,Bengaluru,Education,170,1.0000,2022-06-30,Seed,India,3.0000
Stash Financial,New York City,Finance,40,0.0800,2022-06-30,Unknown,United States,480.0000
Nate,New York City,Retail,30,0.2000,2022-06-30,Series A,United States,47.0000
Snyk,Boston,Security,30,NULL,2022-06-30,Series F,United States,849.0000
Stream,Boulder,Product,20,0.1200,2022-06-30,Series B,United States,58.0000
Finleap Connect,Hamburg,Finance,14,0.1000,2022-06-30,Series A,Germany,22.0000
Abra,SF Bay Area,Crypto,12,0.0500,2022-06-30,Series C,United States,106.0000
Gavelytics,Los Angeles,Legal,NULL,1.0000,2022-06-30,Seed,United States,5.0000
Sundae,SF Bay Area,Real Estate,NULL,0.1500,2022-06-30,Series C,United States,135.0000
Toppr,Mumbai,Education,350,NULL,2022-06-29,Acquired,India,112.0000
Unity,SF Bay Area,Other,200,0.0400,2022-06-29,Post-IPO,United States,1300.0000
Niantic,SF Bay Area,Consumer,85,0.0800,2022-06-29,Series D,United States,770.0000
AvantStay,Los Angeles,Travel,80,NULL,2022-06-29,Unknown,United States,811.0000
Qumulo,Seattle,Data,80,0.1900,2022-06-29,Series E,United States,347.0000
Clutch,Toronto,Transportation,76,0.2200,2022-06-29,Series B,Canada,153.0000
Parallel Wireless,Nashua,Infrastructure,60,NULL,2022-06-29,Unknown,United States,8.0000
Oye Rickshaw,New Delhi,Transportation,40,0.2000,2022-06-29,Unknown,India,13.0000
Rows,Berlin,Other,18,0.3000,2022-06-29,Series B,Germany,25.0000
Baton,SF Bay Area,Transportation,16,0.2500,2022-06-29,Series A,United States,13.0000
Substack,SF Bay Area,Media,13,0.1400,2022-06-29,Series B,United States,82.0000
Degreed,SF Bay Area,Education,NULL,0.1500,2022-06-29,Series D,United States,411.0000
HomeLight,SF Bay Area,Real Estate,NULL,0.1900,2022-06-29,Series D,United States,743.0000
Volt Bank,Sydney,Finance,NULL,1.0000,2022-06-29,Series E,Australia,90.0000
Huobi,Beijing,Crypto,300,0.3000,2022-06-28,Unknown,China,2.0000
WhiteHat Jr,Mumbai,Education,300,NULL,2022-06-28,Acquired,India,11.0000
StockX,Detroit,Retail,120,0.0800,2022-06-28,Series E,United States,690.0000
Sidecar Health,Los Angeles,Healthcare,110,0.4000,2022-06-28,Series C,United States,163.0000
StockX,Detroit,Retail,80,NULL,2022-06-28,Series E,United States,690.0000
Vezeeta,Dubai,Healthcare,50,0.1000,2022-06-28,Series D,United Arab Emirates,71.0000
Bright Machines,SF Bay Area,Data,30,0.0800,2022-06-28,Unknown,Israel,250.0000
HealthMatch,Sydney,Healthcare,18,0.5000,2022-06-28,Series B,Australia,20.0000
Nova Benefits,Bengaluru,Healthcare,NULL,0.3000,2022-06-28,Series B,India,41.0000
Una Brands,Singapore,Retail,NULL,0.1000,2022-06-28,Series A,Singapore,55.0000
AppLovin,SF Bay Area,Marketing,300,0.1200,2022-06-27,Post-IPO,United States,1600.0000
UiPath,New York City,Data,210,0.0500,2022-06-27,Post-IPO,United States,2000.0000
Udaan,Bengaluru,Retail,180,0.0400,2022-06-27,Unknown,India,1500.0000
Cue,San Diego,Healthcare,170,NULL,2022-06-27,Post-IPO,United States,999.0000
Banxa,Melbourne,Crypto,70,0.3000,2022-06-27,Post-IPO,Australia,13.0000
SafeGraph,SF Bay Area,Data,27,0.2500,2022-06-27,Series B,United States,61.0000
Amount,Chicago,Finance,NULL,0.1800,2022-06-27,Unknown,United States,283.0000
Postscript,SF Bay Area,Marketing,43,NULL,2022-06-26,Series C,United States,106.0000
Bitpanda,Vienna,Crypto,270,0.2700,2022-06-24,Series C,Austria,546.0000
Sunday,Atlanta,Finance,90,0.2300,2022-06-24,Series A,United States,124.0000
Bestow,Dallas,Finance,41,0.1400,2022-06-24,Series C,United States,137.0000
Ethos Life,SF Bay Area,Finance,40,0.1200,2022-06-24,Series D,United States,406.0000
Netflix,SF Bay Area,Media,300,0.0300,2022-06-23,Post-IPO,United States,121900.0000
Aura,Boston,Security,70,0.0900,2022-06-23,Series F,United States,500.0000
Pipl,Spokane,Security,22,0.1300,2022-06-23,Unknown,United States,19.0000
Vouch,SF Bay Area,Finance,15,0.0700,2022-06-23,Series C,United States,159.0000
Voyage SMS,Los Angeles,Marketing,8,0.1300,2022-06-23,Unknown,United States,10.0000
Esper,Seattle,Other,NULL,0.1200,2022-06-23,Series A,United States,10.0000
Kune,Nairobi,Food,NULL,1.0000,2022-06-23,Seed,Kenya,1.0000
Orchard,New York City,Real Estate,NULL,0.1000,2022-06-23,Series D,United States,472.0000
Ro,New York City,Healthcare,NULL,0.1800,2022-06-23,Unknown,United States,1000.0000
StreamElements,Tel Aviv,Media,NULL,0.2000,2022-06-23,Series B,Israel,111.0000
MasterClass,SF Bay Area,Education,120,0.2000,2022-06-22,Series E,United States,461.0000
IronNet,Washington D.C.,Security,90,0.3500,2022-06-22,Post-IPO,United States,410.0000
Bungalow,SF Bay Area,Real Estate,70,NULL,2022-06-22,Series C,United States,171.0000
IronNet,Washington D.C.,Security,55,0.1700,2022-06-22,Post-IPO,United States,410.0000
Sprinklr,New York City,Support,50,NULL,2022-06-22,Post-IPO,United States,429.0000
Superpedestrian,Boston,Transportation,35,0.0700,2022-06-22,Series C,United States,261.0000
Voi,Stockholm,Transportation,35,0.1000,2022-06-22,Series D,United States,515.0000
Balto,St. Louis,Sales,30,NULL,2022-06-22,Series B,United States,51.0000
Ritual,Toronto,Food,23,0.1600,2022-06-22,Series C,Canada,134.0000
Voly,Sydney,Food,NULL,0.5000,2022-06-22,Seed,Australia,13.0000
Ebanx,Curitiba,Finance,340,0.2000,2022-06-21,Series B,Brazil,460.0000
TaskUs,Los Angeles,Support,52,0.0000,2022-06-21,Post-IPO,United States,279.0000
Community,Los Angeles,Marketing,40,0.3000,2022-06-21,Unknown,United States,40.0000
Sourcegraph,SF Bay Area,Product,24,0.0800,2022-06-21,Series D,United States,248.0000
Frubana,Bogota,Food,NULL,0.0300,2022-06-21,Series C,Colombia,202.0000
SuperLearn,Bengaluru,Education,NULL,1.0000,2022-06-21,Seed,India,0.0000
Tray.io,SF Bay Area,Data,NULL,0.1000,2022-06-21,Series C,United States,109.0000
Bybit,Singapore,Crypto,600,0.3000,2022-06-20,Unknown,Singapore,NULL
SummerBio,SF Bay Area,Healthcare,101,1.0000,2022-06-20,Unknown,United States,7.0000
Trax,Singapore,Retail,100,0.1200,2022-06-20,Series E,Singapore,1000.0000
Aqgromalin,Chennai,Food,80,0.3000,2022-06-20,Unknown,India,12.0000
Bonsai,Toronto,Retail,30,0.5500,2022-06-20,Series A,Canada,27.0000
Brighte,Sydney,Energy,30,0.1500,2022-06-20,Series C,Australia,145.0000
Buzzer,New York City,Media,NULL,0.2000,2022-06-20,Unknown,United States,32.0000
CityMall,Gurugram,Retail,191,0.3000,2022-06-19,Series C,India,112.0000
BitOasis,Dubai,Crypto,9,0.0500,2022-06-19,Series B,United Arab Emirates,30.0000
Unacademy,Bengaluru,Education,150,0.0300,2022-06-18,Series H,India,838.0000
Bytedance,Shanghai,Consumer,150,NULL,2022-06-17,Unknown,China,9400.0000
Socure,Reno,Finance,69,0.1300,2022-06-17,Series E,United States,646.0000
Finite State,Columbus,Security,16,0.2000,2022-06-17,Series B,United States,49.0000
JOKR,New York City,Food,50,0.0500,2022-06-16,Series B,United States,430.0000
Zumper,SF Bay Area,Real Estate,45,0.1500,2022-06-16,Series D,United States,178.0000
PharmEasy,Mumbai,Healthcare,40,NULL,2022-06-16,Unknown,India,1600.0000
Circulo Health,Columbus,Healthcare,NULL,0.5000,2022-06-16,Series A,United States,50.0000
Swappie,Helsinki,Retail,250,0.1700,2022-06-15,Series C,Finland,169.0000
Wealthsimple,Toronto,Finance,159,0.1300,2022-06-15,Unknown,Canada,900.0000
Weee!,SF Bay Area,Food,150,0.1000,2022-06-15,Series E,United States,863.0000
Notarize,Boston,Legal,110,0.2500,2022-06-15,Series D,United States,213.0000
Elementor,Tel Aviv,Media,60,0.1500,2022-06-15,Unknown,Israel,65.0000
Tonkean,SF Bay Area,Other,23,0.2300,2022-06-15,Series B,United States,83.0000
Airtame,Copenhagen,Consumer,15,NULL,2022-06-15,Unknown,Denmark,7.0000
OpenWeb,Tel Aviv,Media,14,0.0500,2022-06-15,Series E,Israel,223.0000
Swyft,Toronto,Logistics,10,0.3000,2022-06-15,Series A,Canada,20.0000
JetClosing,Seattle,Real Estate,NULL,1.0000,2022-06-15,Series B,United States,44.0000
Coinbase,SF Bay Area,Crypto,1100,0.1800,2022-06-14,Post-IPO,United States,549.0000
Redfin,Seattle,Real Estate,470,0.0800,2022-06-14,Post-IPO,United States,319.0000
Compass,New York City,Real Estate,450,0.1000,2022-06-14,Post-IPO,United States,1600.0000
Sami,Sao Paulo,Healthcare,75,0.1500,2022-06-14,Unknown,Brazil,36.0000
Breathe,New Delhi,Healthcare,50,0.3300,2022-06-14,Series A,India,6.0000
Hunty,Bogota,HR,30,NULL,2022-06-14,Seed,Colombia,6.0000
TIFIN,Boulder,Crypto,24,0.1000,2022-06-14,Series D,United States,204.0000
BlockFi,New York City,Crypto,250,0.2000,2022-06-13,Series E,United States,1000.0000
Wave Sports and Entertainment,Los Angeles,Media,56,0.3300,2022-06-13,Series B,United States,65.0000
Studio,SF Bay Area,Education,33,0.4000,2022-06-13,Series B,United States,50.0000
Desktop Metal,Boston,Other,NULL,0.1200,2022-06-13,Post-IPO,United States,811.0000
Crypto.com,Singapore,Crypto,260,0.0500,2022-06-10,Unknown,Singapore,156.0000
FarEye,New Delhi,Logistics,250,0.3000,2022-06-10,Series E,India,150.0000
Berlin Brands Group,Berlin,Retail,100,0.1000,2022-06-10,Unknown,Germany,1000.0000
Sanar,Sao Paulo,Healthcare,60,0.2000,2022-06-10,Unknown,Brazil,11.0000
Freetrade,London,Finance,45,0.1500,2022-06-10,Unknown,United Kingdom,133.0000
Albert,Los Angeles,Finance,20,0.0800,2022-06-10,Series C,United States,175.0000
Ziroom,Beijing,Real Estate,NULL,0.2000,2022-06-10,Unknown,China,2100.0000
OneTrust,Atlanta,Security,950,0.2500,2022-06-09,Series C,United States,926.0000
Stitch Fix,SF Bay Area,Retail,330,0.1500,2022-06-09,Post-IPO,United States,79.0000
Daniel Wellington,Stockholm,Retail,200,0.1500,2022-06-09,Unknown,Sweden,NULL
Convoy,Seattle,Logistics,90,0.0700,2022-06-09,Series E,United States,1100.0000
Hologram,Chicago,Infrastructure,80,0.4000,2022-06-09,Series B,United States,82.0000
Boozt,Malmo,Retail,70,0.0500,2022-06-09,Post-IPO,Sweden,56.0000
The Grommet,Boston,Retail,40,1.0000,2022-06-09,Acquired,United States,5.0000
Stashaway,Singapore,Finance,31,0.1400,2022-06-09,Series D,Singapore,61.0000
Preply,Boston,Education,26,0.0500,2022-06-09,Series C,United States,100.0000
Jellysmack,New York City,Media,NULL,0.0800,2022-06-09,Series C,United States,22.0000
Starship,SF Bay Area,Transportation,NULL,0.1100,2022-06-09,Series B,United States,197.0000
Sonder,SF Bay Area,Travel,250,0.2100,2022-06-08,Post-IPO,United States,839.0000
Kavak,Sao Paulo,Transportation,150,NULL,2022-06-08,Series E,Brazil,1600.0000
Truepill,SF Bay Area,Healthcare,150,0.1500,2022-06-08,Series D,United States,255.0000
iPrice Group,Kuala Lumpur,Retail,50,0.2000,2022-06-08,Unknown,Malaysia,26.0000
Memmo,Stockholm,Consumer,NULL,0.4000,2022-06-08,Unknown,Sweden,24.0000
Cazoo,London,Transportation,750,0.1500,2022-06-07,Post-IPO,United Kingdom,2000.0000
Rupeek,Bengaluru,Finance,180,0.1500,2022-06-07,Unknown,India,172.0000
Lummo,Jakarta,Marketing,150,NULL,2022-06-07,Series C,Indonesia,149.0000
Bird,Los Angeles,Transportation,138,0.2300,2022-06-07,Post-IPO,United States,783.0000
ID.me,Washington D.C.,Security,130,NULL,2022-06-07,Unknown,United States,275.0000
KiwiCo,SF Bay Area,Retail,40,NULL,2022-06-07,Unknown,United States,11.0000
Propzy,Ho Chi Minh City,Real Estate,NULL,0.5000,2022-06-07,Series A,Vietnam,33.0000
Clearco,Toronto,Finance,60,NULL,2022-06-06,Series C,Canada,681.0000
Dutchie,Bend,Other,50,0.0700,2022-06-06,Series D,United States,603.0000
Deep Instinct,New York City,Security,NULL,0.1000,2022-06-06,Series D,United States,259.0000
Sendoso,SF Bay Area,Marketing,NULL,0.1400,2022-06-06,Series C,United States,152.0000
Eruditus,Mumbai,Education,40,NULL,2022-06-04,Series E,India,1200.0000
Afterverse,Brasilia,Consumer,60,0.2000,2022-06-03,Unknown,Brazil,NULL
Superhuman,SF Bay Area,Consumer,23,0.2200,2022-06-03,Series C,United States,108.0000
Food52,New York City,Food,21,0.1500,2022-06-03,Acquired,United States,176.0000
5B Solar,Sydney,Energy,NULL,0.2500,2022-06-03,Series A,Australia,12.0000
Tesla,Austin,Transportation,NULL,0.1000,2022-06-03,Post-IPO,United States,20200.0000
Carbon Health,SF Bay Area,Healthcare,250,0.0800,2022-06-02,Series D,United States,522.0000
Favo,Sao Paulo,Food,170,NULL,2022-06-02,Series A,Brazil,31.0000
PolicyGenius,New York City,Finance,170,0.2500,2022-06-02,Series E,United States,286.0000
Yojak,Gurugram,Construction,140,0.5000,2022-06-02,Seed,India,3.0000
Envato,Melbourne,Marketing,100,NULL,2022-06-02,Unknown,Australia,NULL
Gemini,New York City,Crypto,100,0.1000,2022-06-02,Unknown,United States,423.0000
Stord,Atlanta,Logistics,59,0.0800,2022-06-02,Series D,United States,325.0000
Gather,SF Bay Area,Consumer,30,0.3300,2022-06-02,Series B,United States,76.0000
Shef,SF Bay Area,Food,29,NULL,2022-06-02,Series A,United States,28.0000
IRL,SF Bay Area,Consumer,25,0.2500,2022-06-02,Series C,United States,197.0000
Kaodim,Selangor,Consumer,NULL,1.0000,2022-06-02,Series B,United States,17.0000
TomTom,Amsterdam,Transportation,500,0.1000,2022-06-01,Post-IPO,Netherlands,NULL
Cybereason,Boston,Security,100,0.0600,2022-06-01,Series F,United States,750.0000
Udayy,Gurugram,Education,100,1.0000,2022-06-01,Seed,India,2.0000
2TM,Sao Paulo,Crypto,90,0.1200,2022-06-01,Unknown,Brazil,250.0000
Curve,London,Finance,65,0.1000,2022-06-01,Series C,United Kingdom,182.0000
Loom,SF Bay Area,Product,34,0.1400,2022-06-01,Series C,United States,203.0000
Skillshare,New York City,Education,31,NULL,2022-06-01,Unknown,United States,136.0000
Impala,London,Travel,30,0.3500,2022-06-01,Series B,United Kingdom,32.0000
Eaze,SF Bay Area,Consumer,25,NULL,2022-06-01,Series D,United States,202.0000
Side,SF Bay Area,Real Estate,NULL,0.1000,2022-06-01,Unknown,United States,313.0000
Truck It In,Karachi,Logistics,NULL,0.3000,2022-06-01,Seed,Pakistan,17.0000
Playtika,Tel Aviv,Consumer,250,0.0600,2022-05-31,Post-IPO,Israel,NULL
Replicated,Los Angeles,Infrastructure,50,NULL,2022-05-31,Series C,United States,85.0000
Tomo,Stamford,Finance,44,0.3300,2022-05-31,Series A,United States,110.0000
Getta,Tel Aviv,Transportation,30,NULL,2022-05-31,Series A,Israel,49.0000
BookClub,Salt Lake City,Education,12,0.2500,2022-05-31,Series A,United States,26.0000
SWVL,Dubai,Transportation,400,0.3200,2022-05-30,Post-IPO,United Arab Emirates,132.0000
Mobile Premier League,Bengaluru,Consumer,100,0.1000,2022-05-30,Series E,India,375.0000
SumUp,Sao Paulo,Finance,100,0.0300,2022-05-30,Unknown,Brazil,50.0000
FrontRow,Bengaluru,Education,145,0.3000,2022-05-27,Series A,India,17.0000
Daloopa,New Delhi,Data,40,NULL,2022-05-27,Series A,India,23.0000
Uncapped,London,Finance,29,0.2600,2022-05-27,Unknown,United Kingdom,118.0000
VTEX,Sao Paulo,Retail,200,0.1300,2022-05-26,Post-IPO,Brazil,365.0000
Bitso,Mexico City,Crypto,80,0.1100,2022-05-26,Series C,Mexico,378.0000
Foodpanda,Bucharest,Food,80,NULL,2022-05-26,Acquired,Romania,749.0000
Dazn,London,Consumer,50,0.0200,2022-05-26,Unknown,United Kingdom,NULL
Lacework,SF Bay Area,Security,300,0.2000,2022-05-25,Series D,United States,1900.0000
Bolt,SF Bay Area,Finance,240,0.2700,2022-05-25,Series E,United States,1300.0000
PeerStreet,Los Angeles,Finance,75,NULL,2022-05-25,Series C,United States,121.0000
Kontist,Berlin,Finance,50,0.2500,2022-05-25,Series B,Germany,53.0000
Nuri,Berlin,Finance,45,0.2000,2022-05-25,Series B,Germany,42.0000
Coterie Insurance,Cincinnati,Finance,30,0.2000,2022-05-25,Series B,United States,70.0000
Airlift,Lahore,Logistics,NULL,0.3100,2022-05-25,Series B,Pakistan,109.0000
Getir,Istanbul,Food,NULL,0.1400,2022-05-25,Series E,Turkey,1800.0000
Zapp,London,Food,NULL,0.1000,2022-05-25,NULL,United Kingdom,300.0000
Gorillas,Berlin,Food,300,0.5000,2022-05-24,Series C,Germany,1300.0000
Zenius,Jakarta,Education,200,NULL,2022-05-24,Series B,Indonesia,20.0000
The Zebra,Austin,Finance,40,NULL,2022-05-24,Series D,United States,256.0000
Klarna,Stockholm,Finance,700,0.1000,2022-05-23,Unknown,Sweden,3700.0000
PayPal,SF Bay Area,Finance,83,NULL,2022-05-23,Post-IPO,United States,216.0000
Buenbit,Buenos Aires,Crypto,80,0.4500,2022-05-23,Series A,Argentina,11.0000
BeyondMinds,Tel Aviv,Data,65,1.0000,2022-05-23,Series A,Israel,16.0000
ClickUp,San Diego,Other,60,0.0700,2022-05-23,Series C,United States,537.0000
Airtime,New York City,Consumer,30,0.2000,2022-05-23,Series B,United States,33.0000
MFine,Bengaluru,Healthcare,600,0.7500,2022-05-21,Series C,India,97.0000
Latch,New York City,Security,130,0.2800,2022-05-20,Post-IPO,United States,342.0000
Outside,Boulder,Media,87,0.1500,2022-05-20,Series B,United States,174.0000
Skillz,SF Bay Area,Consumer,70,0.1000,2022-05-20,Post-IPO,United States,287.0000
Cars24,Gurugram,Transportation,600,0.0600,2022-05-19,Series G,India,1300.0000
Vedantu,Bengaluru,Education,424,0.0700,2022-05-18,Series E,India,292.0000
Netflix,SF Bay Area,Media,150,0.0100,2022-05-17,Post-IPO,United States,121900.0000
Kry,Stockholm,Healthcare,100,0.1000,2022-05-17,Series D,Sweden,568.0000
Picsart,Miami,Consumer,90,0.0800,2022-05-17,Series C,United States,195.0000
Zak,Sao Paulo,Food,100,0.4000,2022-05-16,Series A,United States,29.0000
AliExpress Russia,Moscow,Retail,400,0.4000,2022-05-14,Acquired,Russia,60.0000
Thirty Madison,New York City,Healthcare,24,NULL,2022-05-14,Acquired,United States,209.0000
CommonBond,New York City,Finance,22,NULL,2022-05-13,Series D,United States,130.0000
Subspace,Los Angeles,Infrastructure,NULL,1.0000,2022-05-13,Series B,United States,NULL
Zwift,Los Angeles,Fitness,150,NULL,2022-05-12,Series C,United States,619.0000
Section4,New York City,Education,32,NULL,2022-05-12,Series A,United States,37.0000
DataRobot,Boston,Data,70,0.0700,2022-05-11,Series G,United States,1000.0000
Carvana,Phoenix,Transportation,2500,0.1200,2022-05-10,Post-IPO,United States,1600.0000
Doma,SF Bay Area,Finance,310,0.1500,2022-05-10,Post-IPO,United States,679.0000
Pollen,London,Travel,200,0.3300,2022-05-10,Series C,United Kingdom,238.0000
Latch,New York City,Security,30,0.0600,2022-05-10,Post-IPO,United States,342.0000
Meero,Paris,Other,350,0.5000,2022-05-09,Series C,France,293.0000
Vroom,New York City,Transportation,270,0.1400,2022-05-09,Post-IPO,United States,1300.0000
Reef,Miami,Transportation,750,0.0500,2022-05-06,Unknown,United States,1500.0000
divvyDOSE,Davenport,Healthcare,62,NULL,2022-05-06,Acquired,United States,0.0000
Vedantu,Bengaluru,Education,200,0.0300,2022-05-05,Series E,India,292.0000
Mural,SF Bay Area,Product,90,0.1000,2022-05-05,Series C,United States,192.0000
On Deck,SF Bay Area,Education,72,0.2500,2022-05-05,Series A,United States,20.0000
SEND,Sydney,Food,300,1.0000,2022-05-04,Seed,Australia,3.0000
Colossus,Boston,Energy,97,NULL,2022-05-04,Series A,United States,41.0000
Cameo,Chicago,Consumer,87,0.2500,2022-05-04,Unknown,United States,165.0000
Mainstreet,SF Bay Area,Finance,45,0.3000,2022-05-04,Series A,United States,64.0000
Ideoclick,Seattle,Retail,40,NULL,2022-05-04,Series A,United States,7.0000
Vise,New York City,Finance,25,NULL,2022-05-04,Series C,United States,128.0000
Bizpay,Sydney,Finance,NULL,0.3000,2022-05-04,Unknown,Australia,45.0000
Avo,Tel Aviv,Food,500,0.6700,2022-05-01,Series B,Israel,45.0000
Noom,New York City,Healthcare,495,NULL,2022-04-29,Series F,United States,657.0000
Domestika,SF Bay Area,Education,150,0.1900,2022-04-28,Series D,United States,130.0000
Netflix,SF Bay Area,Media,25,NULL,2022-04-28,Post-IPO,United States,121900.0000
Wahoo Fitness,Atlanta,Fitness,50,NULL,2022-04-27,Unknown,United States,NULL
Robinhood,SF Bay Area,Finance,340,0.0900,2022-04-26,Post-IPO,United States,5600.0000
Bonsai,Toronto,Retail,29,0.3400,2022-04-26,Series A,Canada,27.0000
Sigfox,Toulouse,Other,64,NULL,2022-04-25,Acquired,France,277.0000
Clyde,New York City,Marketing,22,NULL,2022-04-25,Series B,United States,58.0000
Xiaohongshu,Shanghai,Consumer,180,0.0900,2022-04-21,Series E,China,917.0000
Facily,Sao Paulo,Retail,260,0.3000,2022-04-20,Series D,Brazil,502.0000
Lemonade,New York City,Finance,52,NULL,2022-04-20,Post-IPO,United States,481.0000
Blend,SF Bay Area,Finance,200,0.1000,2022-04-19,Post-IPO,United States,665.0000
QuintoAndar,Sao Paulo,Real Estate,160,0.0400,2022-04-19,Series E,Brazil,755.0000
Loft,Sao Paulo,Real Estate,159,NULL,2022-04-19,Unknown,Brazil,788.0000
Automox,Boulder,Infrastructure,NULL,0.1100,2022-04-18,Series C,United States,152.0000
Humble,SF Bay Area,Media,10,NULL,2022-04-15,Acquired,United States,4.0000
Halcyon Health,New York City,Healthcare,NULL,1.0000,2022-04-15,Unknown,United States,2.0000
Ahead,SF Bay Area,Healthcare,44,1.0000,2022-04-14,Unknown,United States,9.0000
Rad Power Bikes,Seattle,Transportation,100,0.1400,2022-04-12,Series D,United States,329.0000
Meesho,Bengaluru,Retail,150,NULL,2022-04-11,Series F,India,1100.0000
Food52,New York City,Food,20,0.1000,2022-04-08,Acquired,United States,176.0000
Unacademy,Bengaluru,Education,1000,0.1700,2022-04-07,Series H,India,838.0000
Goodfood,Calgary,Food,70,NULL,2022-04-07,Post-IPO,Canada,16.0000
Workrise,Austin,Energy,450,NULL,2022-04-05,Series E,United States,752.0000
Fast,SF Bay Area,Finance,NULL,1.0000,2022-04-05,Series B,United States,124.0000
BitMEX,Non-U.S.,Crypto,75,0.2500,2022-04-04,Seed,Seychelles,0.0000
Legible,Vancouver,Media,23,0.3800,2022-04-04,Post-IPO,Canada,3.0000
Lightico,Tel Aviv,Finance,20,NULL,2022-03-31,Series B,Israel,42.0000
Sea,Bengaluru,Retail,350,NULL,2022-03-30,Post-IPO,India,8600.0000
Rasa,Berlin,Data,59,0.4000,2022-03-30,Series B,Germany,40.0000
Gopuff,Philadelphia,Food,450,0.0300,2022-03-29,Series H,United States,3400.0000
Thinkific,Vancouver,Education,100,0.2000,2022-03-29,Post-IPO,Canada,22.0000
Furlenco,Bengaluru,Retail,180,NULL,2022-03-26,Series D,India,228.0000
Grove Collaborative,SF Bay Area,Retail,NULL,0.1700,2022-03-19,Series E,United States,474.0000
Storytel,Stockholm,Media,100,0.1000,2022-03-17,Post-IPO,Sweden,275.0000
Curology,SF Bay Area,Healthcare,150,NULL,2022-03-16,Series D,United States,19.0000
Trell,Bengaluru,Retail,300,0.5000,2022-03-15,Series B,India,62.0000
Knock,New York City,Real Estate,115,0.4600,2022-03-15,Unknown,United States,654.0000
Talis Biomedical,SF Bay Area,Healthcare,NULL,0.2500,2022-03-15,Post-IPO,United States,8.0000
Sezzle,Minneapolis,Finance,NULL,0.2000,2022-03-10,Post-IPO,United States,301.0000
Better.com,New York City,Real Estate,3000,0.3300,2022-03-08,Unknown,United States,905.0000
Adaptive Biotechnologies,Seattle,Healthcare,100,0.1200,2022-03-08,Post-IPO,United States,406.0000
Hyperscience,New York City,Data,100,0.2500,2022-03-03,Series E,United States,289.0000
WeDoctor,Non-U.S.,Healthcare,500,NULL,2022-03-02,Series F,China,1400.0000
Wish,SF Bay Area,Retail,190,0.1500,2022-03-01,Post-IPO,United States,1600.0000
OKCredit,New Delhi,Finance,30,NULL,2022-02-24,Series B,India,85.0000
Lido,Mumbai,Education,150,NULL,2022-02-21,Series A,India,24.0000
Virgin Hyperloop,Los Angeles,Transportation,111,0.5000,2022-02-21,Unknown,United States,368.0000
Trustly,Stockholm,Finance,120,NULL,2022-02-17,Acquired,Sweden,28.0000
Liv Up,Sao Paulo,Food,100,0.1500,2022-02-16,Series D,Brazil,118.0000
Homie,Salt Lake City,Real Estate,119,0.2900,2022-02-14,Series B,United States,35.0000
Hopin,London,Other,138,0.1200,2022-02-10,Series D,United States,1000.0000
Daily Harvest,New York City,Food,60,0.2000,2022-02-10,Series D,United States,120.0000
Peloton,New York City,Fitness,2800,0.2000,2022-02-08,Post-IPO,United States,1900.0000
Rhino,New York City,Real Estate,57,0.2000,2022-02-03,Unknown,United States,133.0000
Gopuff,Philadelphia,Food,100,NULL,2022-01-26,Series H,United States,3400.0000
Glossier,New York City,Consumer,80,0.3300,2022-01-26,Series E,United States,266.0000
Root Insurance,Columbus,Finance,330,NULL,2022-01-20,Post-IPO,United States,527.0000
Spin,SF Bay Area,Transportation,NULL,0.2500,2022-01-08,Acquired,United States,8.0000
Delivery Hero,Berlin,Food,300,NULL,2021-12-22,Post-IPO,Germany,8300.0000
Better.com,New York City,Real Estate,900,0.0900,2021-12-01,Unknown,United States,905.0000
BitTitan,Seattle,Data,70,0.2700,2021-11-18,Acquired,United States,46.0000
Zillow,Seattle,Real Estate,2000,0.2500,2021-11-02,Post-IPO,United States,97.0000
InVision,New York City,Product,22,NULL,2021-10-05,Unknown,United States,356.0000
Ozy Media,SF Bay Area,Media,NULL,1.0000,2021-10-01,Series C,United States,70.0000
Zymergen,SF Bay Area,Other,120,NULL,2021-09-23,Post-IPO,United States,974.0000
Treehouse,Portland,Education,41,0.9000,2021-09-14,Series B,United States,12.0000
Tanium,Seattle,Security,30,NULL,2021-08-30,Unknown,United States,1000.0000
Flockjay,SF Bay Area,Education,37,0.5000,2021-08-24,Series A,United States,14.0000
Bytedance,Shanghai,Consumer,1800,NULL,2021-08-05,Unknown,China,9400.0000
Pagarbook,Bengaluru,HR,80,NULL,2021-07-26,Series A,India,17.0000
Katerra,SF Bay Area,Construction,2434,1.0000,2021-06-01,Unknown,United States,1600.0000
Lambda School,SF Bay Area,Education,65,NULL,2021-04-29,Series C,United States,122.0000
Madefire,SF Bay Area,Media,NULL,1.0000,2021-04-29,Series B,United States,16.0000
Patreon,SF Bay Area,Media,36,NULL,2021-04-26,Series D,United States,165.0000
New Relic,SF Bay Area,Infrastructure,160,0.0700,2021-04-06,Post-IPO,United States,214.5000
HuffPo,New York City,Media,47,NULL,2021-03-09,Acquired,United States,37.0000
Ninjacart,Bengaluru,Food,200,NULL,2021-02-23,Unknown,India,194.0000
Bounce,Bengaluru,Transportation,200,0.4000,2021-02-22,Series D,India,214.2000
ThredUp,Chicago,Retail,243,NULL,2021-02-09,Series F,United States,305.0000
Indigo,Boston,Other,80,NULL,2021-02-09,Series F,United States,1200.0000
Limelight,New York City,Recruiting,13,1.0000,2021-02-04,Unknown,United States,NULL
Quandoo,Berlin,Food,87,0.2000,2021-02-03,Acquired,Germany,39.0000
Hubba,Toronto,Retail,45,1.0000,2021-02-01,Series B,Canada,61.0000
Bytedance,Mumbai,Consumer,1800,NULL,2021-01-27,Unknown,India,7400.0000
Privitar,London,Data,20,NULL,2021-01-27,Series C,United Kingdom,150.0000
Shutterfly,SF Bay Area,Retail,800,NULL,2021-01-25,Acquired,United States,50.0000
Postmates,SF Bay Area,Food,180,0.1500,2021-01-23,Acquired,United States,763.0000
Instacart,SF Bay Area,Food,1877,NULL,2021-01-21,Unknown,United States,2400.0000
Pocketmath,Singapore,Marketing,21,1.0000,2021-01-20,Unknown,Singapore,20.0000
Dropbox,SF Bay Area,Other,315,0.1500,2021-01-13,Post-IPO,United States,1700.0000
Aura Financial,SF Bay Area,Finance,NULL,1.0000,2021-01-11,Unknown,United States,584.0000
Simple,Portland,Finance,NULL,1.0000,2021-01-07,Acquired,United States,15.0000
WhiteHat Jr,Mumbai,Education,1800,NULL,2021-01-06,Acquired,India,11.0000
Pulse Secure,SF Bay Area,Security,78,NULL,2020-12-23,Acquired,United States,NULL
Breather,Montreal,Real Estate,120,0.8000,2020-12-16,Series D,Canada,131.0000
Actifio,Boston,Data,54,NULL,2020-12-16,Acquired,United States,352.0000
OYO,Gurugram,Travel,600,NULL,2020-12-08,Series F,India,3200.0000
Aya,Toronto,Finance,5,0.2500,2020-11-19,Seed,United States,3.0000
Domio,New York City,Real Estate,NULL,0.5000,2020-11-18,Series B,United States,116.0000
Bridge Connector,Nashville,Healthcare,154,1.0000,2020-11-17,Series B,United States,45.0000
Tidepool,SF Bay Area,Healthcare,18,0.4000,2020-11-17,Unknown,United States,NULL
Worksmith,Austin,Retail,30,0.5000,2020-11-09,Unknown,United States,3.8000
Rubica,Seattle,Security,NULL,1.0000,2020-11-05,Series A,United States,14.0000
Bossa Nova,SF Bay Area,Retail,NULL,0.5000,2020-11-02,Unknown,United States,101.6000
LivePerson,New York City,Support,30,NULL,2020-11-01,Post-IPO,United States,42.0000
Remedy,Austin,Healthcare,82,NULL,2020-10-29,Series A,United States,12.5000
Knotel,New York City,Real Estate,20,0.0800,2020-10-29,Series C,United States,560.0000
CodeCombat,SF Bay Area,Education,8,NULL,2020-10-23,Series A,United States,8.0000
Quibi,Los Angeles,Media,NULL,1.0000,2020-10-21,Private Equity,United States,1800.0000
GetYourGuide,Berlin,Travel,90,0.1700,2020-10-14,Series E,Germany,656.0000
OLX India,New Delhi,Marketing,250,NULL,2020-10-10,Acquired,India,28.0000
Alto Pharmacy,SF Bay Area,Healthcare,47,0.0600,2020-09-29,Series D,United States,356.0000
Air,New York City,Marketing,NULL,0.1600,2020-09-16,Series A,United States,18.0000
NS8,Las Vegas,Data,240,0.9500,2020-09-11,Series A,United States,157.9000
Bleacher Report,London,Media,20,NULL,2020-09-11,Acquired,United Kingdom,40.5000
HubHaus,SF Bay Area,Real Estate,NULL,1.0000,2020-09-11,Series A,United States,13.4000
Waze,SF Bay Area,Transportation,30,0.0540,2020-09-09,Acquired,United States,67.0000
Ouster,SF Bay Area,Transportation,NULL,0.1000,2020-09-08,Series B,United States,132.0000
Awok,Dubai,Retail,NULL,1.0000,2020-09-02,Series A,United Arab Emirates,30.0000
Big Fish Games,Seattle,Media,250,NULL,2020-09-01,Acquired,United States,95.2000
GoBear,Singapore,Finance,22,0.1100,2020-09-01,Unknown,Singapore,97.0000
MakeMyTrip,New Delhi,Travel,350,0.1000,2020-08-31,Post-IPO,India,548.0000
Salesforce,SF Bay Area,Sales,1000,0.0185,2020-08-26,Post-IPO,United States,65.4000
Superloop,Brisbane,Infrastructure,30,NULL,2020-08-24,Post-IPO,Australia,36.0000
Docly,London,Healthcare,8,0.8000,2020-08-19,Seed,United Kingdom,15.5000
Lumina Networks,SF Bay Area,Infrastructure,NULL,1.0000,2020-08-18,Series A,United States,10.0000
Shopify,Ottawa,Retail,30,NULL,2020-08-14,Post-IPO,Canada,122.3000
Mozilla,SF Bay Area,Consumer,250,0.2500,2020-08-11,Unknown,United States,2.3000
Eatsy,Singapore,Food,20,1.0000,2020-08-08,Seed,Singapore,0.9755
Glossier,New York City,Retail,150,0.3800,2020-08-07,Series D,United States,186.4000
Thriver,Toronto,Food,75,0.5000,2020-08-06,Series B,Canada,53.0000
Vesta,Atlanta,Sales,56,NULL,2020-08-05,Unknown,United States,20.0000
Booking.com,Amsterdam,Travel,4375,0.2500,2020-07-30,Acquired,Netherlands,NULL
Buy.com / Rakuten,SF Bay Area,Retail,87,1.0000,2020-07-30,Acquired,United States,42.4000
Procore,Los Angeles,Construction,180,0.0900,2020-07-28,Unknown,United States,649.0000
Swiggy,Bengaluru,Food,350,0.0500,2020-07-27,Series I,India,1600.0000
Zeitgold,Berlin,Finance,75,0.7200,2020-07-27,Series B,Germany,60.1800
Checkr,SF Bay Area,HR,64,0.1200,2020-07-23,Series D,United States,309.0000
Sorabel,Jakarta,Retail,NULL,1.0000,2020-07-23,Series B,Indonesia,27.0000
LinkedIn,SF Bay Area,Recruiting,960,0.0600,2020-07-21,Acquired,United States,154.0000
Lighter Capital,Seattle,Finance,22,0.4900,2020-07-20,Series B,United States,15.0000
Curefit,Bengaluru,Fitness,120,NULL,2020-07-17,Series D,India,404.6000
Optimizely,SF Bay Area,Marketing,60,0.1500,2020-07-15,Series D,United States,251.2000
Skyscanner,Edinburgh,Travel,300,0.2000,2020-07-14,Acquired,United Kingdom,197.2000
Yelp,SF Bay Area,Consumer,63,NULL,2020-07-13,Post-IPO,United States,56.0000
Bizongo,Mumbai,Logistics,140,NULL,2020-07-10,Series C,India,70.0000
Zilingo,Singapore,Retail,100,0.1200,2020-07-09,Series D,Singapore,307.0000
PaySense,Mumbai,Finance,40,NULL,2020-07-09,Acquired,India,25.6000
Funding Circle,SF Bay Area,Finance,85,NULL,2020-07-08,Post-IPO,United States,746.0000
The Wing,New York City,Real Estate,56,NULL,2020-07-01,Series C,United States,117.0000
Sharethrough,SF Bay Area,Marketing,18,NULL,2020-07-01,Series D,United States,38.0000
Kongregate,SF Bay Area,Media,12,NULL,2020-07-01,Series C,United States,19.0000
Havenly,Denver,Consumer,5,NULL,2020-07-01,Series C,United States,57.8000
G2,Chicago,Marketing,17,0.0500,2020-06-30,Series C,United States,100.8000
Katerra,SF Bay Area,Construction,400,0.0700,2020-06-29,Series E,United States,1300.0000
Bounce,Bengaluru,Transportation,130,0.2200,2020-06-29,Series D,India,214.2000
Argo AI,Munich,Transportation,100,NULL,2020-06-29,Unknown,Germany,3600.0000
Bossa Nova,SF Bay Area,Retail,61,NULL,2020-06-29,Unknown,United States,101.6000
New Relic,Portland,Infrastructure,20,NULL,2020-06-29,Post-IPO,United States,214.5000
Engine eCommerce,Fayetteville,Retail,NULL,1.0000,2020-06-28,Unknown,United States,4.0000
GoDaddy,Austin,Marketing,451,0.0600,2020-06-24,Post-IPO,United States,NULL
Sonos,New York City,Consumer,174,0.1200,2020-06-24,Post-IPO,United States,455.2000
Gojek,Jakarta,Transportation,430,0.0900,2020-06-23,Series F,Indonesia,4800.0000
ScaleFactor,Austin,Finance,90,0.9000,2020-06-23,Series C,United States,103.0000
Dark,SF Bay Area,Product,6,1.0000,2020-06-23,Seed,United States,3.0000
Intuit,SF Bay Area,Finance,715,0.0700,2020-06-22,Post-IPO,United States,18.0000
WeWork,London,Real Estate,200,NULL,2020-06-19,Series H,United Kingdom,19500.0000
Atlas Obscura,New York City,Media,15,NULL,2020-06-18,Series B,United States,32.0000
Navi,Bengaluru,Finance,40,0.2500,2020-06-17,Private Equity,India,582.0000
PaisaBazaar,Gurugram,Finance,1500,0.5000,2020-06-16,Series G,India,496.0000
Grab,Singapore,Transportation,360,0.0500,2020-06-16,Series I,Singapore,9900.0000
Splunk,SF Bay Area,Data,70,0.0100,2020-06-16,Post-IPO,United States,40.0000
Redox,Madison,Healthcare,44,0.2500,2020-06-16,Series C,United States,50.0000
Conga,Denver,Data,NULL,0.1100,2020-06-15,Acquired,United States,117.0000
Stockwell AI,SF Bay Area,Retail,NULL,1.0000,2020-06-15,Series B,United States,10.0000
Uber,Amsterdam,Transportation,225,0.2500,2020-06-12,Post-IPO,Netherlands,24700.0000
SynapseFI,SF Bay Area,Finance,63,0.4800,2020-06-12,Series B,United States,50.0000
ScaleFocus,Sofia,Infrastructure,120,0.1000,2020-06-11,Unknown,Bulgaria,NULL
Branch,New York City,Retail,3,0.2700,2020-06-11,Seed,United States,2.0000
Her Campus Media,Boston,Media,10,0.1800,2020-06-10,Unknown,United States,NULL
Integrate.ai,Toronto,Support,26,NULL,2020-06-09,Unknown,Canada,39.6000
The Athletic,SF Bay Area,Media,46,0.0800,2020-06-05,Series D,United States,139.0000
Ethos Life,SF Bay Area,Finance,18,0.1400,2020-06-05,Series C,United States,106.0000
Lastline,SF Bay Area,Security,50,0.4000,2020-06-04,Series C,United States,52.0000
Builder,Los Angeles,Product,39,0.1400,2020-06-04,Series A,United States,29.0000
Monzo,London,Finance,120,0.0800,2020-06-03,Series F,United Kingdom,324.0000
Kitty Hawk,SF Bay Area,Aerospace,70,NULL,2020-06-03,Unknown,United States,1.0000
SpotHero,Chicago,Transportation,40,0.2100,2020-06-03,Series D,United States,117.0000
Credit Sesame,SF Bay Area,Finance,22,0.1400,2020-06-03,Series F,United States,120.0000
Circ,Berlin,Transportation,100,NULL,2020-06-02,Acquired,Germany,55.0000
Rivian,Detroit,Transportation,40,0.0200,2020-06-02,Private Equity,United States,3100.0000
Fundbox,SF Bay Area,Finance,14,0.1500,2020-06-02,Series C,United States,453.0000
Descartes Labs,Santa Fe,Data,12,0.1600,2020-06-02,Series B,United States,58.0000
MakerBot,New York City,Consumer,12,NULL,2020-06-02,Acquired,United States,10.0000
Stitch Fix,SF Bay Area,Retail,1400,0.1800,2020-06-01,Post-IPO,United States,79.0000
MakeMyTrip,Gurugram,Travel,350,0.1000,2020-06-01,Post-IPO,India,548.0000
CrowdStreet,Portland,Real Estate,24,0.2200,2020-06-01,Series C,United States,24.0000
Brex,SF Bay Area,Finance,62,0.1500,2020-05-29,Series C,United States,732.0000
Loftium,Seattle,Real Estate,32,0.6000,2020-05-29,Series A,United States,17.0000
BookMyShow,Mumbai,Consumer,270,0.1800,2020-05-28,Unknown,India,224.0000
TrueCar,Los Angeles,Transportation,219,0.3000,2020-05-28,Post-IPO,United States,340.0000
StubHub,SF Bay Area,Consumer,200,NULL,2020-05-28,Acquired,United States,19.0000
Culture Amp,Melbourne,HR,36,0.0800,2020-05-28,Series E,Australia,157.0000
The Sill,New York City,Retail,20,0.2500,2020-05-28,Series A,United States,7.0000
Instructure,Salt Lake City,Education,150,0.1200,2020-05-27,Acquired,United States,89.0000
Ebanx,Curitiba,Finance,62,0.0800,2020-05-27,Unknown,Brazil,30.0000
Uber,Bengaluru,Transportation,600,0.2300,2020-05-26,Post-IPO,India,24700.0000
Bluprint,Denver,Education,137,1.0000,2020-05-26,Acquired,United States,108.0000
Acorns,Portland,Finance,50,NULL,2020-05-26,Unknown,United States,207.0000
CarDekho,Gurugram,Transportation,200,NULL,2020-05-25,Series D,India,247.0000
Teamwork,Cork,Other,21,NULL,2020-05-22,Unknown,Ireland,NULL
Cvent,Washington D.C.,Marketing,400,0.1000,2020-05-21,Acquired,United States,146.0000
PickYourTrail,Chennai,Travel,70,0.3500,2020-05-21,Series A,India,3.0000
Glitch,New York City,Product,18,0.3600,2020-05-21,Series A,United States,30.0000
Ola,Bengaluru,Transportation,1400,0.3500,2020-05-20,Series J,India,3800.0000
Samsara,SF Bay Area,Logistics,300,0.1800,2020-05-20,Series F,United States,530.0000
Stay Alfred,Spokane,Travel,221,1.0000,2020-05-20,Series B,United States,62.0000
SoFi,SF Bay Area,Finance,112,0.0700,2020-05-20,Private Equity,United States,2500.0000
ShareChat,Bengaluru,Marketing,101,0.2500,2020-05-20,Series D,India,222.0000
Intercom,SF Bay Area,Support,39,0.0600,2020-05-20,Series D,United States,240.0000
Livspace,Bengaluru,Retail,450,0.1500,2020-05-19,Series D,India,157.0000
Pollen,London,Travel,69,0.3100,2020-05-19,Series B,United Kingdom,88.0000
Dotscience,London,Product,10,1.0000,2020-05-19,Unknown,United Kingdom,NULL
Uber,SF Bay Area,Transportation,3000,0.1300,2020-05-18,Post-IPO,United States,24700.0000
Agoda,Singapore,Travel,1500,0.2500,2020-05-18,Acquired,Singapore,NULL
Swiggy,Bengaluru,Food,1100,0.1400,2020-05-18,Series I,India,1600.0000
WeWork,New Delhi,Real Estate,100,0.2000,2020-05-18,Series H,India,19500.0000
Rubrik,SF Bay Area,Infrastructure,57,NULL,2020-05-18,Series E,United States,553.0000
Intapp,SF Bay Area,Legal,45,0.0500,2020-05-18,Private Equity,United States,NULL
Datera,SF Bay Area,Infrastructure,NULL,0.1000,2020-05-18,Series C,United States,63.0000
Magicbricks,Noida,Real Estate,250,NULL,2020-05-17,Unknown,India,300.0000
Zomato,Gurugram,Food,520,0.1300,2020-05-15,Series J,India,914.0000
Lendingkart,Ahmedabad,Finance,500,0.5000,2020-05-15,Unknown,India,200.0000
Lattice,SF Bay Area,HR,16,0.1000,2020-05-15,Series C,United States,49.0000
Masse,New York City,Retail,NULL,1.0000,2020-05-15,Seed,United States,3.0000
Cruise,SF Bay Area,Transportation,150,0.0800,2020-05-14,Acquired,United States,5300.0000
Quartz,New York City,Media,80,0.4000,2020-05-14,Acquired,United States,NULL
Integral Ad Science,New York City,Marketing,70,0.1000,2020-05-14,Acquired,United States,116.0000
Ridecell,SF Bay Area,Transportation,35,0.1500,2020-05-14,Series B,United States,73.0000
Veem,SF Bay Area,Finance,30,NULL,2020-05-14,Unknown,United States,69.0000
Deliv,SF Bay Area,Retail,669,1.0000,2020-05-13,Series C,United States,80.0000
Mercos,Joinville,Sales,51,0.4000,2020-05-13,Unknown,Brazil,2.0000
Kickstarter,New York City,Finance,25,0.1800,2020-05-13,Unknown,United States,10.0000
Intersect,Toronto,Product,19,0.1100,2020-05-13,Acquired,Canada,NULL
Mode Analytics,SF Bay Area,Data,17,NULL,2020-05-13,Series C,United States,46.0000
WeFit,Hanoi,Fitness,NULL,1.0000,2020-05-13,Seed,Vietnam,1.0000
Zymergen,SF Bay Area,Other,NULL,0.1000,2020-05-13,Series C,United States,574.0000
Stone,Sao Paulo,Finance,1300,0.2000,2020-05-12,Post-IPO,Brazil,NULL
Zeus Living,SF Bay Area,Real Estate,73,0.5000,2020-05-12,Series B,United States,79.0000
Mixpanel,SF Bay Area,Data,65,0.1900,2020-05-12,Series B,United States,77.0000
Hireology,Chicago,Recruiting,36,0.1700,2020-05-12,Series D,United States,52.0000
Top Hat,Toronto,Education,16,0.0300,2020-05-12,Series D,Canada,104.0000
Revolut,London,Finance,60,0.0300,2020-05-11,Series D,United Kingdom,837.0000
Cadre,New York City,Real Estate,28,0.2500,2020-05-11,Series C,United States,133.0000
N26,New York City,Finance,9,0.0100,2020-05-08,Series D,United States,782.0000
Jump,New York City,Transportation,500,1.0000,2020-05-07,Acquired,United States,11.0000
Glassdoor,SF Bay Area,Recruiting,300,0.3000,2020-05-07,Acquired,United States,204.0000
Numbrs,Zurich,Finance,62,0.5000,2020-05-07,Series B,Switzerland,78.0000
Flywire,Boston,Finance,60,0.1200,2020-05-07,Series E,United States,263.0000
SalesLoft,Atlanta,Sales,55,NULL,2020-05-07,Series D,United States,145.0000
Tally,SF Bay Area,Finance,28,0.2300,2020-05-07,Series C,United States,92.0000
Airy Rooms,Jakarta,Travel,NULL,1.0000,2020-05-07,Unknown,Indonesia,NULL
Uber,SF Bay Area,Transportation,3700,0.1400,2020-05-06,Post-IPO,United States,24700.0000
Validity,Boston,Data,130,0.3300,2020-05-06,Private Equity,United States,NULL
Flatiron School,New York City,Education,100,NULL,2020-05-06,Acquired,United States,15.0000
Rubicon Project,Los Angeles,Marketing,50,0.0800,2020-05-06,Post-IPO,United States,60.0000
Segment,SF Bay Area,Data,50,0.1000,2020-05-06,Series D,United States,283.0000
OPay,Lagos,Finance,NULL,0.7000,2020-05-06,Series B,Nigeria,170.0000
Airbnb,SF Bay Area,Travel,1900,0.2500,2020-05-05,Private Equity,United States,5400.0000
Juul,SF Bay Area,Consumer,900,0.3000,2020-05-05,Unknown,United States,1500.0000
Andela,New York City,Recruiting,135,0.1000,2020-05-05,Series D,United States,181.0000
Stack Overflow,New York City,Recruiting,40,0.1500,2020-05-05,Series D,United States,68.0000
Pipedrive,Tallinn,Sales,31,NULL,2020-05-05,Series C,Estonia,90.0000
Workable,Boston,Recruiting,25,0.1000,2020-05-05,Series C,United States,84.0000
CureFit,Bengaluru,Fitness,800,0.1600,2020-05-04,Series D,India,404.0000
Careem,Dubai,Transportation,536,0.3100,2020-05-04,Acquired,United Arab Emirates,771.0000
Oriente,Hong Kong,Finance,400,0.2000,2020-05-04,Series B,Hong Kong,175.0000
Veriff,Tallinn,Security,63,0.2100,2020-05-04,Series A,Estonia,7.0000
Element AI,Montreal,Other,62,0.1500,2020-05-04,Series B,Canada,257.0000
Deputy,Sydney,HR,60,0.3000,2020-05-04,Series B,Australia,106.0000
Loopio,Toronto,Sales,11,0.0800,2020-05-04,Series A,Canada,11.0000
Castlight Health,SF Bay Area,Healthcare,NULL,0.1300,2020-05-04,Post-IPO,United States,184.0000
Trax,Tel Aviv,Retail,120,0.1000,2020-05-03,Series D,Israel,386.0000
LiveTiles,New York City,Other,50,NULL,2020-05-03,Post-IPO,United States,46.0000
OYO,London,Travel,150,NULL,2020-05-01,Series F,United Kingdom,2400.0000
Namely,New York City,HR,110,0.4000,2020-05-01,Series E,United States,217.0000
Culture Trip,London,Media,95,0.3200,2020-05-01,Series B,United Kingdom,102.0000
Sandbox VR,SF Bay Area,Consumer,80,0.8000,2020-05-01,Series A,United States,82.0000
Virtudent,Boston,Healthcare,70,NULL,2020-05-01,Series A,United States,10.0000
Monese,Lisbon,Finance,35,NULL,2020-05-01,Unknown,Portugal,80.0000
TheSkimm,New York City,Media,26,0.2000,2020-05-01,Series C,United States,28.0000
Automatic,SF Bay Area,Transportation,NULL,1.0000,2020-05-01,Acquired,United States,24.0000
Bullhorn,Boston,Sales,100,NULL,2020-04-30,Acquired,United States,32.0000
Care.com,Boston,Consumer,81,NULL,2020-04-30,Acquired,United States,156.0000
Fandom,SF Bay Area,Media,NULL,0.1400,2020-04-30,Series E,United States,145.0000
PicoBrew,Seattle,Food,NULL,1.0000,2020-04-30,Series A,United States,15.0000
Lyft,SF Bay Area,Transportation,982,0.1700,2020-04-29,Post-IPO,United States,4900.0000
WeWork,SF Bay Area,Real Estate,300,NULL,2020-04-29,Series H,United States,2250.0000
Kayak / OpenTable,Stamford,Travel,160,0.0800,2020-04-29,Acquired,United States,229.0000
Kitopi,New York City,Food,124,NULL,2020-04-29,Series B,United States,89.0000
Lime,SF Bay Area,Transportation,80,0.1300,2020-04-29,Series D,United States,765.0000
Transfix,New York City,Logistics,24,0.1000,2020-04-29,Series D,United States,128.0000
TripAdvisor,Boston,Travel,900,0.2500,2020-04-28,Post-IPO,United States,3.0000
Renmoney,Lagos,Finance,391,0.5000,2020-04-28,Unknown,Nigeria,NULL
Deliveroo,London,Food,367,0.1500,2020-04-28,Series G,United Kingdom,1500.0000
App Annie,SF Bay Area,Data,80,0.1800,2020-04-28,Unknown,United States,156.0000
OpenX,Los Angeles,Marketing,35,0.1500,2020-04-28,Unknown,United States,70.0000
PayJoy,SF Bay Area,Finance,27,0.2500,2020-04-28,Series B,United States,71.0000
Shipsi,Los Angeles,Retail,20,0.5000,2020-04-28,Seed,United States,2.0000
Migo,SF Bay Area,Finance,NULL,0.2500,2020-04-28,Series B,United States,37.0000
Automation Anywhere,SF Bay Area,Other,260,0.1000,2020-04-27,Series B,United States,840.0000
JetClosing,Seattle,Real Estate,20,0.2000,2020-04-27,Series A,United States,24.0000
Qwick,Phoenix,Recruiting,NULL,0.7000,2020-04-27,Seed,United States,4.0000
OYO,Sao Paulo,Travel,500,NULL,2020-04-25,Series F,Brazil,2400.0000
Stoqo,Jakarta,Food,250,1.0000,2020-04-25,Series A,Indonesia,NULL
Submittable,Missoula,Other,30,0.2000,2020-04-25,Series B,United States,17.0000
Divergent 3D,Los Angeles,Transportation,57,0.3600,2020-04-24,Series B,United States,88.0000
Ada Support,Toronto,Support,36,0.2300,2020-04-24,Series B,Canada,60.0000
UPshow,Chicago,Marketing,19,0.3000,2020-04-24,Series A,United States,7.0000
Lighter Capital,Seattle,Finance,18,0.2200,2020-04-24,Series B,United States,15.0000
Horizn Studios,Berlin,Travel,15,0.2500,2020-04-24,Series B,Germany,30.0000
Welkin Health,SF Bay Area,Healthcare,10,0.3300,2020-04-24,Series B,United States,29.0000
Jiobit,Chicago,Consumer,6,0.2100,2020-04-24,Unknown,United States,12.0000
TutorMundi,Sao Paulo,Education,4,1.0000,2020-04-24,Series A,Brazil,2.0000
StockX,Detroit,Retail,100,0.1200,2020-04-23,Series C,United States,160.0000
Zenefits,SF Bay Area,HR,87,0.1500,2020-04-23,Series C,United States,583.0000
Sisense,New York City,Data,80,0.0900,2020-04-23,Series F,United States,274.0000
Oscar Health,New York City,Healthcare,70,0.0500,2020-04-23,Unknown,United States,1300.0000
Simon Data,New York City,Marketing,6,NULL,2020-04-23,Series C,United States,68.0000
Convoy,Seattle,Logistics,NULL,0.0100,2020-04-23,Series D,United States,665.0000
Magic Leap,Miami,Consumer,1000,0.5000,2020-04-22,Series E,United States,2600.0000
When I Work,Minneapolis,HR,55,0.3500,2020-04-22,Series B,United States,24.0000
Ike,SF Bay Area,Transportation,10,0.1400,2020-04-22,Series A,United States,52.0000
Airy Rooms,Jakarta,Travel,NULL,0.7000,2020-04-22,Unknown,Indonesia,NULL
Nearmap,Sydney,Construction,NULL,0.1000,2020-04-22,Post-IPO,Australia,15.0000
Swiggy,Bengaluru,Food,800,NULL,2020-04-21,Series I,India,1600.0000
Paytm,New Delhi,Finance,500,NULL,2020-04-21,Unknown,India,2200.0000
Lending Club,SF Bay Area,Finance,460,0.3000,2020-04-21,Post-IPO,United States,392.0000
Houzz,SF Bay Area,Consumer,155,0.1000,2020-04-21,Series E,United States,613.0000
Casper,New York City,Retail,78,0.2100,2020-04-21,Post-IPO,United States,339.0000
RealSelf,Seattle,Healthcare,40,0.1300,2020-04-21,Series B,United States,42.0000
Freshbooks,Toronto,Finance,38,0.0900,2020-04-21,Series B,Canada,75.0000
Patreon,SF Bay Area,Media,30,0.1300,2020-04-21,Series D,United States,165.0000
Lambda School,SF Bay Area,Education,19,NULL,2020-04-21,Series B,United States,48.0000
Politico / Protocol,Washington D.C.,Media,13,NULL,2020-04-21,Unknown,United States,NULL
Bringg,Tel Aviv,Logistics,10,0.1000,2020-04-21,Series D,Israel,84.0000
Klook,Hong Kong,Travel,300,0.1500,2020-04-20,Series D,Hong Kong,521.0000
ConsenSys,New York City,Crypto,91,0.1400,2020-04-20,Unknown,United States,10.0000
GumGum,Los Angeles,Marketing,90,0.2500,2020-04-20,Series D,United States,58.0000
Kueski,Guadalajara,Finance,90,0.3000,2020-04-20,Series B,Mexico,38.0000
Movidesk,Blumenau,Support,33,0.2500,2020-04-20,Seed,Brazil,1.0000
Zum,SF Bay Area,Transportation,28,NULL,2020-04-20,Series C,United States,71.0000
Komodo Health,SF Bay Area,Healthcare,23,0.0900,2020-04-20,Series C,United States,50.0000
Forward,SF Bay Area,Healthcare,10,0.0300,2020-04-20,Series C,United States,100.0000
Hipcamp,SF Bay Area,Travel,NULL,0.6000,2020-04-20,Series B,United States,40.5000
Motif Investing,SF Bay Area,Finance,NULL,1.0000,2020-04-18,Series E,United States,126.0000
BlackBuck,Bengaluru,Logistics,200,NULL,2020-04-17,Series D,India,293.0000
ContaAzul,Joinville,Education,140,0.3500,2020-04-17,Series D,Brazil,37.0000
Greenhouse Software,New York City,Recruiting,120,0.2800,2020-04-17,Series D,United States,110.0000
QuintoAndar,Sao Paulo,Real Estate,88,0.0800,2020-04-17,Series D,Brazil,335.0000
Loft,Sao Paulo,Real Estate,47,0.1000,2020-04-17,Series C,Brazil,263.0000
Zilingo,Singapore,Retail,44,0.0500,2020-04-17,Series D,Singapore,307.0000
Labster,Copenhagen,Education,40,NULL,2020-04-17,Series B,Denmark,34.0000
Sweetgreen,Los Angeles,Food,35,0.1000,2020-04-17,Series I,United States,478.0000
People.ai,SF Bay Area,Marketing,30,0.1800,2020-04-17,Series C,United States,100.0000
Tor,Boston,Security,13,0.3700,2020-04-17,Unknown,United States,1.0000
BitGo,SF Bay Area,Crypto,NULL,0.1200,2020-04-17,Series B,United States,69.0000
Dispatch,Boston,Other,NULL,0.3800,2020-04-17,Series A,United States,18.0000
CarGurus,Boston,Transportation,130,0.1300,2020-04-16,Post-IPO,United States,1.0000
Funding Societies,Singapore,Finance,65,0.1800,2020-04-16,Series B,Singapore,42.0000
CleverTap,Mumbai,Marketing,60,0.2000,2020-04-16,Series C,India,76.0000
Purse,SF Bay Area,Crypto,NULL,1.0000,2020-04-16,Seed,United States,1.0000
Opendoor,SF Bay Area,Real Estate,600,0.3500,2020-04-15,Series E,United States,1500.0000
GoPro,SF Bay Area,Consumer,200,0.2000,2020-04-15,Post-IPO,United States,288.0000
Shop101,Mumbai,Retail,200,0.4000,2020-04-15,Series C,India,19.0000
Zume,SF Bay Area,Food,200,0.6700,2020-04-15,Unknown,United States,423.0000
Carta,SF Bay Area,Finance,161,0.1600,2020-04-15,Series E,United States,447.0000
Akulaku,Jakarta,Finance,100,NULL,2020-04-15,Series D,Indonesia,160.0000
Parsable,SF Bay Area,HR,40,0.2500,2020-04-15,Series C,United States,72.0000
Kodiak Robotics,SF Bay Area,Transportation,15,0.2000,2020-04-15,Series A,United States,40.0000
Tulip Retail,Toronto,Retail,14,NULL,2020-04-15,Series B,Canada,51.0000
Trove Recommerce,SF Bay Area,Retail,13,NULL,2020-04-15,Series C,United States,34.0000
Dude Solutions,Raleigh,Other,NULL,0.2000,2020-04-15,Acquired,United States,100.0000
SweetEscape,Jakarta,Consumer,NULL,0.3000,2020-04-15,Series A,Indonesia,7.0000
The RealReal,SF Bay Area,Retail,235,0.1000,2020-04-14,Post-IPO,United States,358.0000
TouchBistro,Toronto,Food,131,0.2300,2020-04-14,Series E,Canada,224.0000
Envoy,SF Bay Area,HR,58,0.3000,2020-04-14,Series B,United States,59.0000
VSCO,SF Bay Area,Consumer,45,0.3500,2020-04-14,Series B,United States,90.0000
Skillz,SF Bay Area,Consumer,21,NULL,2020-04-14,Series D,United States,132.0000
DataStax,SF Bay Area,Data,15,NULL,2020-04-14,Series E,United States,190.0000
Xerpa,Sao Paulo,HR,10,NULL,2020-04-14,Unknown,Brazil,5.0000
Groupon,Chicago,Retail,2800,0.4400,2020-04-13,Post-IPO,United States,1400.0000
Zoox,SF Bay Area,Transportation,100,0.1000,2020-04-13,Series B,United States,955.0000
Neon,Sao Paulo,Finance,70,0.1000,2020-04-13,Series B,Brazil,120.0000
EasyPost,SF Bay Area,Logistics,50,0.2500,2020-04-13,Series A,United States,12.0000
Clearbanc,Toronto,Finance,17,0.0800,2020-04-13,Series B,Canada,119.0000
Meow Wolf,Santa Fe,Media,201,NULL,2020-04-10,Unknown,United States,185.0000
Frontdesk,Milwaukee,Travel,35,0.1600,2020-04-10,Unknown,United States,3.0000
BeeTech,Sao Paulo,Finance,30,NULL,2020-04-10,Series B,Brazil,14.0000
Built In,Chicago,Recruiting,28,NULL,2020-04-10,Series C,United States,29.0000
NuoDB,Boston,Data,20,0.2900,2020-04-10,Unknown,United States,85.0000
Rhumbix,SF Bay Area,Construction,16,0.2700,2020-04-10,Series B,United States,35.0000
Atsu,Seattle,Infrastructure,6,1.0000,2020-04-10,Unknown,United States,1.0000
Geekwire,Seattle,Media,5,0.3100,2020-04-10,Unknown,United States,NULL
Yelp,SF Bay Area,Consumer,1000,0.1700,2020-04-09,Post-IPO,United States,56.0000
Monzo,Las Vegas,Finance,165,NULL,2020-04-09,Series F,United States,324.0000
OneTrust,Atlanta,Legal,150,0.1000,2020-04-09,Series B,United States,410.0000
Omie,Sao Paulo,Finance,136,0.3100,2020-04-09,Series B,Brazil,26.0000
Domo,Salt Lake City,Data,90,0.1000,2020-04-09,Post-IPO,United States,689.0000
Matterport,SF Bay Area,Data,90,0.3400,2020-04-09,Series D,United States,114.0000
Clinc,Ann Arbor,Support,40,0.3200,2020-04-09,Series B,United States,59.0000
Mejuri,Toronto,Retail,36,0.1500,2020-04-09,Series B,Canada,28.0000
Code42,Minneapolis,Data,25,0.0500,2020-04-09,Series B,United States,137.5000
Lighthouse Labs,Toronto,Education,14,0.0700,2020-04-09,Unknown,Canada,NULL
LoopMe,London,Marketing,8,0.0400,2020-04-09,Unknown,United Kingdom,32.0000
Elliptic,London,Crypto,NULL,0.3000,2020-04-09,Series B,United Kingdom,40.0000
Eventbrite,SF Bay Area,Consumer,500,0.4500,2020-04-08,Post-IPO,United States,332.0000
Meesho,Bengaluru,Retail,200,0.2800,2020-04-08,Series D,India,215.0000
Scoop,SF Bay Area,Transportation,92,0.3300,2020-04-08,Series C,United States,95.0000
Unison,SF Bay Area,Finance,89,0.4500,2020-04-08,Series B,United States,40.0000
Lever,SF Bay Area,Recruiting,86,0.4000,2020-04-08,Series C,United States,72.0000
Unbabel,Lisbon,Support,80,0.3500,2020-04-08,Series C,Portugal,91.0000
Button,New York City,Marketing,48,0.3500,2020-04-08,Series C,United States,64.0000
Eden / Managed By Q,New York City,Real Estate,40,0.4000,2020-04-08,Series B,United States,40.0000
Quantcast,SF Bay Area,Marketing,30,0.0500,2020-04-08,Series C,United States,65.0000
BVAccel,San Diego,Marketing,25,0.2500,2020-04-08,Unknown,United States,NULL
VideoAmp,Los Angeles,Marketing,21,0.1000,2020-04-08,Series C,United States,106.0000
Kenoby,Sao Paulo,Recruiting,18,0.1600,2020-04-08,Unknown,Brazil,23.0000
Connected,Toronto,Product,17,0.1000,2020-04-08,Unknown,Canada,NULL
GetNinjas,Sao Paulo,Consumer,11,0.1000,2020-04-08,Series B,Brazil,16.0000
Spyce,Boston,Food,4,0.1200,2020-04-08,Series A,United States,26.0000
Creditas,Sao Paulo,Finance,NULL,0.0600,2020-04-08,Series D,Brazil,314.0000
RedDoorz,Singapore,Travel,NULL,0.1000,2020-04-08,Series C,Singapore,134.0000
Zola,New York City,Retail,NULL,0.2000,2020-04-08,Series D,United States,140.0000
Toast,Boston,Food,1300,0.5000,2020-04-07,Series F,United States,902.0000
ezCater,Boston,Food,400,0.4400,2020-04-07,Series D,United States,319.0000
Sage Therapeutics,Boston,Healthcare,340,0.5300,2020-04-07,Post-IPO,United States,438.0000
Redfin,Seattle,Real Estate,236,0.0700,2020-04-07,Post-IPO,United States,319.0000
Branch Metrics,SF Bay Area,Marketing,100,0.2000,2020-04-07,Series E,United States,367.0000
Newfront Insurance,SF Bay Area,Finance,94,NULL,2020-04-07,Unknown,United States,NULL
Ibotta,Denver,Retail,87,0.1500,2020-04-07,Series D,United States,85.0000
Virta Health,SF Bay Area,Healthcare,65,NULL,2020-04-07,Series C,United States,175.0000
Away,New York City,Retail,60,0.1000,2020-04-07,Series D,United States,181.0000
MediaMath,New York City,Marketing,53,0.0800,2020-04-07,Private Equity,United States,607.0000
Group Nine Media,New York City,Media,50,0.0700,2020-04-07,Unknown,United States,190.0000
Payfactors,Boston,HR,46,NULL,2020-04-07,Unknown,United States,NULL
Nav,Salt Lake City,Finance,30,NULL,2020-04-07,Series C,United States,99.0000
Metromile,SF Bay Area,Finance,100,0.3300,2020-04-06,Series E,United States,293.0000
Rock Content,Belo Horizonte,Marketing,100,0.2000,2020-04-06,Series A,Brazil,0.7000
BounceX,New York City,Marketing,77,0.2000,2020-04-06,Series B,United States,75.0000
C6 Bank,Sao Paulo,Finance,60,0.0600,2020-04-06,Unknown,Brazil,NULL
Wordstream,Boston,Marketing,26,0.1000,2020-04-06,Acquired,United States,28.0000
Cogito,Boston,Support,24,0.1400,2020-04-06,Series C,United States,92.0000
BusBud,Montreal,Transportation,23,0.3200,2020-04-06,Series B,Canada,21.0000
Borrowell,Toronto,Finance,15,0.2000,2020-04-06,Series B,Canada,72.0000
PerkSpot,Chicago,HR,10,0.1000,2020-04-06,Private Equity,United States,50.0000
Astra,SF Bay Area,Aerospace,40,0.2500,2020-04-05,Unknown,United States,100.0000
Iflix,Kuala Lumpur,Consumer,50,0.1200,2020-04-04,Unknown,Malaysia,348.0000
Gympass,Sao Paulo,Fitness,467,0.3300,2020-04-03,Series D,Brazil,300.0000
Sojern,SF Bay Area,Marketing,300,0.5000,2020-04-03,Series D,United States,162.0000
MaxMilhas,Belo Horizonte,Travel,167,0.4200,2020-04-03,Unknown,Brazil,NULL
Minted,SF Bay Area,Retail,147,0.3700,2020-04-03,Series E,United States,297.0000
Velodyne Lidar,SF Bay Area,Transportation,140,NULL,2020-04-03,Unknown,United States,225.0000
Zoox,SF Bay Area,Transportation,120,NULL,2020-04-03,Series B,United States,955.0000
Traveloka,Jakarta,Travel,100,0.1000,2020-04-03,Unknown,Indonesia,NULL
Arrive Logistics,Austin,Logistics,75,0.0700,2020-04-03,Series B,United States,35.0000
Salsify,Boston,Retail,60,0.1300,2020-04-03,Series D,United States,97.0000
Jetty,New York City,Finance,35,0.4000,2020-04-03,Series B,United States,40.0000
D2iQ,SF Bay Area,Infrastructure,34,0.1300,2020-04-03,Series D,United States,247.0000
Bustle Digital Group,New York City,Media,24,0.0800,2020-04-03,Series E,United States,80.0000
Bustle Digital Group,New York City,Media,19,NULL,2020-04-03,Series E,United States,80.0000
Opencare,Toronto,Healthcare,18,0.2500,2020-04-03,Series A,Canada,24.0000
Anagram,Los Angeles,Healthcare,17,NULL,2020-04-03,Series A,United States,14.0000
G/O Media Group,New York City,Media,14,0.0500,2020-04-03,Unknown,United States,NULL
DSCO,Salt Lake City,Retail,12,NULL,2020-04-03,Series A,United States,4.0000
Tripbam,Dallas,Travel,10,0.2500,2020-04-03,Unknown,United States,NULL
Avantage Entertainment,Minneapolis,Media,5,0.2000,2020-04-03,Unknown,United States,NULL
The Wing,New York City,Real Estate,NULL,0.5000,2020-04-03,Series C,United States,117.0000
MindBody,San Luis Obispo,Fitness,700,0.3500,2020-04-02,Post-IPO,United States,114.0000
Katerra,SF Bay Area,Construction,240,0.0300,2020-04-02,Series D,United States,1200.0000
Ritual,Toronto,Food,196,0.5400,2020-04-02,Series C,Canada,112.0000
ClassPass,New York City,Fitness,154,0.2200,2020-04-02,Series E,United States,549.0000
eGym,Munich,Fitness,100,0.2500,2020-04-02,Series D,Germany,109.0000
Voi,Stockholm,Transportation,100,NULL,2020-04-02,Series B,Sweden,167.0000
Industrious,New York City,Real Estate,90,0.2000,2020-04-02,Series D,United States,222.0000
1stdibs,New York City,Retail,70,0.1700,2020-04-02,Series D,United States,253.0000
ThirdLove,SF Bay Area,Retail,65,0.3000,2020-04-02,Series B,United States,68.0000
Latch,New York City,Security,60,NULL,2020-04-02,Series B,United States,152.0000
The Predictive Index,Boston,HR,59,0.2500,2020-04-02,Acquired,United States,65.0000
Shuttl,New Delhi,Transportation,40,NULL,2020-04-02,Series C,India,122.0000
Jobcase,Boston,Recruiting,39,0.2000,2020-04-02,Private Equity,United States,118.0000
Copper,SF Bay Area,Marketing,35,NULL,2020-04-02,Series C,United States,102.0000
Dynamic Signal,SF Bay Area,HR,35,0.1900,2020-04-02,Series E,United States,114.0000
FiscalNote,Washington D.C.,Media,30,NULL,2020-04-02,Series D,United States,50.0000
Sauce Labs,SF Bay Area,Infrastructure,30,0.1500,2020-04-02,Unknown,United States,151.0000
Humu,SF Bay Area,HR,26,NULL,2020-04-02,Series B,United States,40.0000
TripleLift,New York City,Marketing,23,0.0700,2020-04-02,Series B,United States,16.0000
Coding Dojo,Seattle,Education,7,0.0700,2020-04-02,Unknown,United States,2.0000
Instamojo,Bengaluru,Finance,6,0.0600,2020-04-02,Unknown,India,8.0000
Synergysuite,Salt Lake City,Food,5,0.0700,2020-04-02,Series A,United States,6.0000
Atlanta Tech Village,Atlanta,Real Estate,NULL,0.5000,2020-04-02,Unknown,United States,NULL
The Modist,Dubai,Retail,NULL,1.0000,2020-04-02,Unknown,United Arab Emirates,NULL
Booksy,SF Bay Area,Consumer,200,NULL,2020-04-01,Series B,United States,48.0000
Flymya,Yangon,Travel,200,0.3300,2020-04-01,Unknown,Myanmar,NULL
PatientPop,Los Angeles,Healthcare,100,0.2000,2020-04-01,Series B,United States,75.0000
Showpad,Chicago,Marketing,52,0.1200,2020-04-01,Series D,United States,159.0000
Highsnobiety,Berlin,Media,51,0.2500,2020-04-01,Series A,Germany,8.5000
Earnin,SF Bay Area,Finance,50,0.2000,2020-04-01,Series C,United States,190.0000
Wonolo,SF Bay Area,Recruiting,46,0.1300,2020-04-01,Series C,United States,52.0000
Acko,Mumbai,Finance,45,0.0900,2020-04-01,Unknown,India,143.0000
Moovel,Portland,Transportation,28,0.3700,2020-04-01,Unknown,United States,NULL
Aqua Security,Tel Aviv,Security,24,0.0900,2020-04-01,Series C,Israel,100.0000
Crayon,Boston,Marketing,20,0.2000,2020-04-01,Series A,United States,16.0000
Pana,Denver,Travel,18,NULL,2020-04-01,Series A,United States,11.0000
Sensibill,Toronto,Finance,17,0.2000,2020-04-01,Series B,Canada,50.0000
Usermind,Seattle,Marketing,15,0.2500,2020-04-01,Series C,United States,46.0000
Incredible Health,SF Bay Area,Healthcare,9,0.4000,2020-04-01,Series A,United States,15.0000
Le Tote,SF Bay Area,Retail,NULL,0.5000,2020-04-01,Series C,United States,62.0000
Pebblepost,New York City,Marketing,NULL,0.6000,2020-04-01,Series C,United States,81.0000
WhyHotel,Washington D.C.,Travel,NULL,0.5000,2020-04-01,Series B,United States,33.0000
KeepTruckin,SF Bay Area,Logistics,349,0.1800,2020-03-31,Series D,United States,227.0000
AdRoll,Salt Lake City,Marketing,210,0.3000,2020-03-31,Series C,United States,89.0000
Rover,Seattle,Consumer,194,0.4100,2020-03-31,Series G,United States,310.0000
Turo,SF Bay Area,Transportation,108,0.3000,2020-03-31,Series E,United States,467.0000
uShip,Austin,Logistics,65,0.3700,2020-03-31,Series D,United States,69.0000
SkySlope,Sacramento,Real Estate,50,0.2500,2020-03-31,Acquired,United States,NULL
Siteimprove,Minneapolis,Marketing,40,NULL,2020-03-31,Unknown,United States,55.0000
AngelList,SF Bay Area,Recruiting,20,NULL,2020-03-31,Series B,United States,26.0000
Zenoti,Seattle,Fitness,17,0.0400,2020-03-31,Series C,United States,91.0000
DialSource,Sacramento,Marketing,5,0.1400,2020-03-31,Series B,United States,26.0000
Domio,New York City,Travel,NULL,0.3000,2020-03-31,Series B,United States,116.0000
Kazoo,Austin,HR,NULL,0.3500,2020-03-31,Series A,United States,8.0000
Thumbtack,SF Bay Area,Consumer,250,0.3000,2020-03-30,Series F,United States,423.0000
RigUp,Austin,Energy,120,0.2500,2020-03-30,Series D,United States,423.0000
FabHotels,New Delhi,Travel,80,0.2000,2020-03-30,Series B,India,48.0000
Hibob,Tel Aviv,HR,70,0.3000,2020-03-30,Series A,Israel,45.0000
PeerStreet,Los Angeles,Finance,51,0.3000,2020-03-30,Series C,United States,110.0000
Maven,Seattle,Media,31,0.0900,2020-03-30,Post-IPO,United States,77.0000
Blume Global,SF Bay Area,Logistics,30,0.1000,2020-03-30,Unknown,United States,NULL
Catalant,Boston,Other,30,NULL,2020-03-30,Series E,United States,110.0000
Starship Technologies,Tallinn,Transportation,30,NULL,2020-03-30,Series A,Estonia,82.0000
Loftsmart,New York City,Real Estate,25,0.7500,2020-03-30,Series A,United States,18.0000
Caliva,SF Bay Area,Retail,20,NULL,2020-03-30,Series A,United States,75.0000
Iris Nova,New York City,Food,9,0.5000,2020-03-30,Seed,United States,15.0000
ZipRecruiter,Los Angeles,Recruiting,400,0.3900,2020-03-29,Series B,United States,219.0000
Amplero,Seattle,Marketing,17,1.0000,2020-03-29,Series B,United States,25.0000
Polarr,SF Bay Area,Consumer,10,NULL,2020-03-29,Series A,United States,13.0000
TravelTriangle,Gurugram,Travel,250,0.5000,2020-03-28,Series D,India,47.0000
WeWork,New York City,Real Estate,250,NULL,2020-03-28,Series H,United States,2250.0000
OneWeb,London,Aerospace,451,0.8500,2020-03-27,Unknown,United Kingdom,3000.0000
Bird,Los Angeles,Transportation,406,0.3000,2020-03-27,Series D,United States,623.0000
HOOQ,Singapore,Consumer,250,1.0000,2020-03-27,Unknown,Singapore,95.0000
Everlane,SF Bay Area,Retail,227,NULL,2020-03-27,Unknown,United States,18.0000
DataRobot,Boston,Data,200,NULL,2020-03-27,Series E,United States,430.0000
Restaurant365,Los Angeles,Food,175,NULL,2020-03-27,Series C,United States,127.0000
Blueground,New York City,Real Estate,130,0.2500,2020-03-27,Series B,United States,77.0000
Knotel,New York City,Real Estate,127,0.3000,2020-03-27,Series C,United States,560.0000
Getaround,SF Bay Area,Transportation,100,0.2500,2020-03-27,Series D,United States,403.0000
Zipcar,Boston,Transportation,100,0.2000,2020-03-27,Acquired,United States,107.0000
Mogo,Vancouver,Finance,78,0.3000,2020-03-27,Post-IPO,Canada,201.0000
DISCO,Austin,Legal,75,NULL,2020-03-27,Series E,United States,133.0000
Raken,San Diego,Construction,60,NULL,2020-03-27,Series A,United States,12.0000
Bench,Vancouver,Finance,47,0.1000,2020-03-27,Series B,Canada,49.0000
Loft,Sao Paulo,Real Estate,47,NULL,2020-03-27,Series C,Brazil,263.0000
Oh My Green,SF Bay Area,Food,40,NULL,2020-03-27,Seed,United States,20.0000
Bevi,Boston,Food,30,0.2000,2020-03-27,Series C,United States,60.0000
Textio,Seattle,Recruiting,30,0.2000,2020-03-27,Unknown,United States,41.0000
Opal,Portland,Marketing,20,NULL,2020-03-27,Series B,United States,25.0000
ThirdLove,New York City,Retail,10,NULL,2020-03-27,Series B,United States,68.0000
B8ta,SF Bay Area,Retail,250,0.5000,2020-03-26,Series C,United States,88.0000
Fareportal,Gurugram,Travel,200,NULL,2020-03-26,Unknown,India,NULL
Puppet,Portland,Infrastructure,50,0.1000,2020-03-26,Series F,United States,149.0000
Ecobee,Toronto,Energy,47,0.1000,2020-03-26,Series C,Canada,149.0000
Passport,Charlotte,Transportation,44,NULL,2020-03-26,Series D,United States,123.0000
Peerspace,SF Bay Area,Real Estate,41,0.7500,2020-03-26,Series B,United States,34.0000
GoSpotCheck,Denver,Retail,23,0.2000,2020-03-26,Series B,United States,47.0000
Consider.co,SF Bay Area,Other,13,1.0000,2020-03-26,Seed,United States,5.0000
Nativo,Los Angeles,Marketing,NULL,0.4000,2020-03-26,Series B,United States,35.0000
TripActions,SF Bay Area,Travel,300,0.2500,2020-03-25,Series D,United States,981.0000
Lyric,SF Bay Area,Real Estate,100,NULL,2020-03-25,Series B,United States,179.1000
Rangle,Toronto,Product,78,0.3000,2020-03-25,Unknown,Canada,NULL
O'Reilly Media,SF Bay Area,Media,75,0.1500,2020-03-25,Unknown,United States,NULL
WanderJaunt,SF Bay Area,Travel,56,0.2300,2020-03-25,Series B,United States,26.0000
OutboundEngine,Austin,Marketing,52,0.2800,2020-03-25,Series C,United States,48.0000
Wonderschool,SF Bay Area,Education,50,0.7500,2020-03-25,Series A,United States,24.0000
Overtime,New York City,Media,30,0.2300,2020-03-25,Series B,United States,35.0000
Jama,Portland,Product,12,0.0500,2020-03-25,Unknown,United States,233.0000
Element Analytics,SF Bay Area,Data,10,NULL,2020-03-25,Series A,United States,22.0000
Clutter,Los Angeles,Consumer,NULL,0.3000,2020-03-25,Series D,United States,296.0000
Divvy Homes,SF Bay Area,Real Estate,NULL,0.0800,2020-03-25,Series B,United States,180.0000
Sonder,SF Bay Area,Travel,400,0.3300,2020-03-24,Series D,United States,359.0000
Takl,Nashville,Consumer,130,NULL,2020-03-24,Unknown,United States,NULL
Foodsby,Minneapolis,Food,87,0.6700,2020-03-24,Series B,United States,20.0000
Zeus Living,SF Bay Area,Real Estate,80,0.3000,2020-03-24,Series B,United States,79.0000
TravelBank,SF Bay Area,Travel,20,NULL,2020-03-24,Series B,United States,35.0000
Flowr,Toronto,Retail,NULL,0.2500,2020-03-24,Unknown,Canada,NULL
Peerfit,Tampa Bay,HR,NULL,0.4000,2020-03-24,Unknown,United States,47.0000
Compass,New York City,Real Estate,375,0.1500,2020-03-23,Series G,United States,1600.0000
Convene,New York City,Real Estate,150,0.1800,2020-03-23,Series D,United States,280.0000
Leafly,Seattle,Retail,91,0.5000,2020-03-23,Acquired,United States,2.0000
The Guild,Austin,Travel,38,0.2200,2020-03-23,Series B,United States,36.0000
Drip,Salt Lake City,Marketing,20,NULL,2020-03-23,Acquired,United States,0.0000
GrayMeta,Los Angeles,Data,20,0.4000,2020-03-23,Unknown,United States,7.0000
Triplebyte,SF Bay Area,Recruiting,15,0.1700,2020-03-23,Series B,United States,48.0000
Ladder Life,SF Bay Area,Finance,13,0.2500,2020-03-23,Series C,United States,94.0000
Cabin,SF Bay Area,Travel,NULL,0.2000,2020-03-23,Seed,United States,3.0000
Eight Sleep,New York City,Retail,NULL,0.2000,2020-03-23,Series C,United States,70.0000
Flywheel Sports,New York City,Fitness,784,0.9800,2020-03-20,Acquired,United States,120.0000
Peek,Salt Lake City,Travel,45,NULL,2020-03-20,Series B,United States,39.0000
CTO.ai,Vancouver,Infrastructure,30,0.5000,2020-03-20,Seed,Canada,7.0000
Yonder,Austin,Media,18,NULL,2020-03-20,Series A,United States,16.0000
Service,Los Angeles,Travel,NULL,1.0000,2020-03-20,Seed,United States,5.0000
Bounce,Bengaluru,Transportation,120,NULL,2020-03-19,Series D,India,214.0000
Ejento,SF Bay Area,Recruiting,84,1.0000,2020-03-19,Unknown,United States,NULL
Remote Year,Chicago,Travel,50,0.5000,2020-03-19,Series B,United States,17.0000
Lola,Boston,Travel,34,NULL,2020-03-19,Series C,United States,81.0000
Popin,New York City,Fitness,NULL,1.0000,2020-03-19,Unknown,United States,13.0000
Flytedesk,Boulder,Marketing,4,0.2000,2020-03-18,Seed,United States,4.0000
Inspirato,Denver,Travel,130,0.2200,2020-03-16,Series C,United States,79.0000
Help.com,Austin,Support,16,1.0000,2020-03-16,Seed,United States,6.0000
Service,Los Angeles,Travel,NULL,1.0000,2020-03-16,Seed,United States,5.1000
HopSkipDrive,Los Angeles,Transportation,8,0.1000,2020-03-13,Unknown,United States,45.0000
Panda Squad,SF Bay Area,Consumer,6,0.7500,2020-03-13,Seed,United States,1.0000
Tamara Mellon,Los Angeles,Retail,20,0.4000,2020-03-12,Series C,United States,90.0000
EasyPost,Salt Lake City,Logistics,75,NULL,2020-03-11,Series A,United States,12.0000
Blackbaud,Charleston,Other,500,0.1400,NULL,Post-IPO,United States,NULL
